33493,AC,3425752,2462,4322695714,160,183667,-439,5444
33683,AC,3425826,2402,4133304859,160,183670,-448,5444
33863,AC,3434515,2442,4275277156,159,182526,-441,5478
34043,AC,3425157,2478,4369952111,160,183667,-437,5444
34065315, cp_H_L_D_F, 1210, 1210, 0, 0
34233,AC,3425655,2443,4309683548,160,183667,-437,5444
34413,AC,3426954,2400,4149839783,160,183670,-446,5444
34593,AC,3435584,2425,4232616383,159,182528,-442,5478
34783,AC,3425364,2439,4338136053,160,183667,-432,5444
34963,AC,3425817,2371,4118240754,160,183666,-443,5444
35065320, cp_H_L_D_F, 1210, 1210, 0, 0
35143,AC,3433705,2391,4133226124,159,182526,-447,5478
35333,AC,3424881,2480,4437687554,160,183666,-430,5444
35513,AC,3425379,2401,4247142444,160,183666,-435,5444
35693,AC,3426278,2351,3961784066,160,183666,-458,5444
35883,AC,3435260,2355,4048964259,159,182525,-450,5478
36063,AC,3425151,2377,4122354722,160,183666,-444,5444
36065315, cp_H_L_D_F, 1210, 1210, 0, 0
36243,AC,3425975,2332,3952562585,160,183667,-455,5444
36433,AC,3426395,2306,3856551417,160,183666,-460,5444
36613,AC,3435342,2358,4044967720,159,182525,-450,5478
36793,AC,3425377,2364,4027794180,160,183666,-452,5444
36983,AC,3426133,2301,3874615017,160,183666,-458,5444
37065315, cp_H_L_D_F, 1210, 1210, 0, 0
37163,AC,3434975,2324,3911663669,159,182527,-459,5478
37343,AC,3425197,2399,4170608430,160,183673,-443,5444
37533,AC,3426005,2382,4118164129,160,183666,-446,5444
37713,AC,3426454,2359,4003772138,160,183667,-454,5444
37893,AC,3435852,2458,4325588787,159,182526,-439,5478
38083,AC,3426072,2483,4474547490,160,183666,-427,5444
38065315, cp_H_L_D_F, 1210, 1210, 0, 0
38263,AC,3427174,2404,4155038227,160,183666,-446,5444
38443,AC,3435838,2503,4443129386,159,182527,-435,5478
38633,AC,3426087,2527,4586660031,160,183666,-423,5444
38813,AC,3426733,2462,4435145480,160,183667,-427,5444
38993,AC,3434888,2470,4350976612,159,182526,-439,5478
39065315, cp_H_L_D_F, 1221, 1177, 9700, 11111
39183,AC,3425724,2535,4583250002,160,183667,-425,5444
39363,AC,3425695,2534,4585055363,160,183666,-424,5444
39543,AC,3426632,2508,4413027455,160,183667,-438,5444
39733,AC,3435272,2515,4471660379,159,182525,-434,5478
39913,AC,3425224,2536,4601000469,160,183667,-423,5444
40093,AC,3426247,2538,4524749806,160,183671,-432,5444
40065315, cp_H_L_D_F, 891, 891, 0, 0
40283,AC,3434441,2565,4625409717,159,182526,-427,5478
40463,AC,3425238,2889,5525748818,160,183667,-397,5444
40643,AC,3425886,3059,6049251861,160,183667,-380,5444
40833,AC,3426509,2976,5823653041,160,183667,-386,5444
41013,AC,3435445,3047,6055863557,159,182525,-379,5478
41065315, cp_H_L_D_F, 902, 891, 0, 0
41193,AC,3425198,3082,6134261450,160,183666,-377,5444
41383,AC,3426174,3003,5922243995,160,183667,-382,5444
41563,AC,3435345,3042,6011878932,159,182525,-382,5478
41743,AC,3425301,3098,6195556946,160,183667,-375,5444
41933,AC,3425651,3061,6072026403,160,183666,-378,5444
42113,AC,3426273,3037,5994570674,160,183667,-381,5444
42065315, cp_H_L_D_F, 902, 891, 0, 0
42293,AC,3435523,3140,6321872467,159,182529,-372,5478
42483,AC,3425530,3169,6370754542,160,183667,-372,5444
42663,AC,3426512,2998,5881878744,160,183669,-385,5444
42843,AC,3435412,3020,5976244344,159,182526,-381,5478
43033,AC,3425319,3073,6183518719,160,183666,-371,5444
43065315, cp_H_L_D_F, 583, -1386, 8000, 10000
43213,AC,3425806,3004,5833417101,160,183671,-390,5444
43393,AC,3433739,3006,5913483551,159,182526,-385,5478
43583,AC,3425059,3076,6113874994,160,183666,-378,5444
43763,AC,3424864,3085,6141545659,160,183666,-377,5444
43943,AC,3424698,156779,184233084703,160,183667,-591,5444
44065315, cp_H_L_D_F, 583, -1386, 8000, 10000
44133,AC,3433566,142752,298918489761,159,182526,-351,5478
44313,AC,3425715,96114,72097401731,160,183667,-703,5444
44493,AC,3426338,67329,12723524304,160,183666,-850,5444
44683,AC,3434837,67252,12052214876,159,182525,-853,5478
44863,AC,3425256,67190,12346438093,160,183666,-852,5444
45043,AC,3426027,67051,10963203746,160,183667,-857,5444
45065315, cp_H_L_D_F, 583, -1386, 8000, 10000
45233,AC,3427635,67466,10225603712,160,183666,-860,5444
45413,AC,3436466,67208,10776544437,159,182525,-858,5478
45593,AC,3425795,67199,10393082815,160,183666,-859,5444
45783,AC,3426279,67297,9365405411,160,183666,-864,5444
45963,AC,3435300,67312,11100095546,159,182525,-856,5478
46065365, cp_H_L_D_F, 583, -1386, 8000, 10000
46143,AC,3426236,67157,11300013632,160,183667,-855,5444
46333,AC,3426709,67106,9893355594,160,183667,-861,5444
46513,AC,3427545,67327,9008667408,160,183666,-864,5444
46693,AC,3436731,67091,10318812020,159,182525,-860,5478
46883,AC,3426376,67113,10266047524,160,183667,-860,5444
47063,AC,3427182,67298,9424656230,160,183667,-864,5444
47065315, cp_H_L_D_F, 583, -1386, 8000, 10000
47243,AC,3436125,67342,10989235834,159,182526,-857,5478
47433,AC,3425961,67031,9662444896,160,183666,-862,5444
47613,AC,3426852,67086,9156481479,160,183667,-864,5444
47793,AC,3435079,67195,10486451296,159,182525,-859,5478
47983,AC,3425874,67082,10082545029,160,183666,-861,5444
48065315, cp_H_L_D_F, 583, -1386, 8000, 10000
48163,AC,3426808,67091,10177509367,160,183666,-860,5444
48343,AC,3427488,67259,8902162950,160,183667,-865,5444
48533,AC,3435752,67216,9745339471,159,182525,-862,5478
48713,AC,3425680,67123,9924333347,160,183666,-861,5444
48893,AC,3425938,67166,9627186654,160,183667,-863,5444
49083,AC,3434395,67083,10179515327,159,182526,-860,5478
49065315, cp_H_L_D_F, 583, -1386, 8000, 10000
49263,AC,3425232,67054,10153279826,160,183670,-860,5444
49443,AC,3425606,67031,9358325387,160,183666,-864,5444
49633,AC,3426269,67341,8809526626,160,183666,-865,5444
49813,AC,3434916,67206,10312437491,159,182527,-860,5478
49993,AC,3424671,67112,10146318047,160,183667,-860,5444
50065315, cp_H_L_D_F, 583, -1386, 8000, 10000
50183,AC,3425322,67142,9394588980,160,183667,-864,5444
50363,AC,3433919,67082,9732791001,159,182526,-862,5478
50543,AC,3424642,67098,10099095930,160,183671,-861,5444
50733,AC,3424771,67041,9573916289,160,183667,-863,5444
50913,AC,3425774,67331,8929050793,160,183667,-865,5444
51093,AC,3434707,67205,10626383807,159,182525,-858,5478
51065315, cp_H_L_D_F, 583, -1386, 8000, 10000
51283,AC,3424655,67090,9675761863,160,183667,-862,5444
51463,AC,3423672,67091,8775611230,160,183667,-865,5444
51643,AC,3431712,67074,9616367710,159,182526,-863,5478
51833,AC,3422400,67127,10182118619,160,183672,-860,5444
52013,AC,3423041,67057,10098536207,160,183668,-861,5444
52065347, cp_H_L_D_F, 583, -1386, 8000, 10000
52193,AC,3424308,67278,8816315117,160,183671,-865,5444
52383,AC,3433643,67197,10104719210,159,182527,-861,5478
52563,AC,3424156,67121,10142022821,160,183666,-860,5444
52743,AC,3424772,67126,9608714042,160,183667,-863,5444
52933,AC,3433242,67112,10326989359,159,182530,-860,5478
53113,AC,3424440,67160,10341425078,160,183667,-860,5444
53065315, cp_H_L_D_F, 583, -1386, 8000, 10000
53293,AC,3424626,67123,9674458009,160,183667,-862,5444
53483,AC,3425133,67247,8576845109,160,183667,-866,5444
53663,AC,3433516,67119,9479808305,159,182526,-863,5478
53843,AC,3423961,67085,10382231042,160,183667,-859,5444
54033,AC,3424741,67060,9624941663,160,183672,-863,5444
54065315, cp_H_L_D_F, 583, -1386, 8000, 10000
54213,AC,3425628,67230,9035046731,160,183667,-864,5444
54393,AC,3434630,67170,9818438590,159,182531,-862,5478
54583,AC,3424605,67056,9524385663,160,183668,-863,5444
54763,AC,3425095,67288,8919377799,160,183671,-865,5444
54943,AC,3433827,67231,9882562944,159,182526,-862,5478
55065315, cp_H_L_D_F, 583, -1386, 8000, 10000
55133,AC,3424120,67138,10270865969,160,183666,-860,5444
55313,AC,3422748,181180,277553545166,160,183667,-497,5444
55493,AC,3425283,76599,65614540737,160,183666,-675,5444
55683,AC,3434204,69917,30506799613,159,182526,-785,5478
55863,AC,3423945,68531,21920757688,160,183667,-816,5444
56043,AC,3423902,81251,97081461474,160,183666,-586,5444
56065315, cp_H_L_D_F, 583, -1386, 8000, 10000
56233,AC,3431593,81280,116818526709,159,182526,-523,5478
56413,AC,3422522,81669,121574256660,160,183667,-509,5444
56593,AC,3422514,85300,145873207148,160,183666,-450,5444
56783,AC,3422727,88918,167603093218,160,183671,-405,5444
56963,AC,3431524,93367,193480934491,159,182527,-357,5478
57065315, cp_H_L_D_F, 583, -1386, 8000, 10000
57143,AC,3421649,99771,227863768431,160,183668,-299,5444
57333,AC,3422282,102929,243033851288,160,183671,-279,5444
57513,AC,3422479,112326,287072418709,160,183668,-228,5444
57693,AC,3431466,114829,299302064784,159,182526,-216,5478
57883,AC,3420929,126479,348727084184,160,183672,-175,5444
58063,AC,3422002,127309,351937650608,160,183668,-173,5444
58065357, cp_H_L_D_F, 583, -1397, 8000, 10000
58243,AC,3430179,139829,404609683747,159,182531,-141,5478
58433,AC,3420248,139534,402681603902,160,183666,-141,5444
58613,AC,3420261,154243,460816172924,160,183668,-114,5444
58793,AC,3420638,154498,461424400772,160,183666,-114,5444
58983,AC,3428984,168333,516346311106,159,182526,-95,5478
59065315, cp_H_L_D_F, 583, -1386, 8000, 10000
59163,AC,3418958,168407,514855123122,160,183667,-95,5444
59343,AC,3418935,181624,564566688957,160,183671,-81,5444
59533,AC,3427338,182548,569858800355,159,182526,-81,5478
59713,AC,3417565,196439,619378717921,160,183667,-70,5444
59893,AC,3418315,198952,628945615134,160,183667,-68,5444
60083,AC,3419357,210905,672250474662,160,183667,-61,5444
60065315, cp_H_L_D_F, 583, -1386, 8000, 10000
60263,AC,3427849,214290,686907903878,159,182530,-58,5478
60443,AC,3417404,225256,724158186981,160,183667,-54,5444
60633,AC,3417767,228406,736107323193,160,183667,-52,5444
60813,AC,3418169,239094,773593611005,160,183667,-48,5444
60993,AC,3427217,244448,795675826033,159,182530,-45,5478
61065315, cp_H_L_D_F, 583, -1386, 8000, 10000
61183,AC,3416929,254081,827286713417,160,183668,-43,5444
61363,AC,3417167,261076,852478013248,160,183667,-40,5444
61543,AC,3425415,267165,876324367216,159,182531,-38,5478
61733,AC,3415672,273175,895330087996,160,183667,-36,5444
61913,AC,3415688,281448,924511218936,160,183667,-35,5444
62093,AC,3416732,289136,951554524456,160,183667,33,5444
62065315, cp_H_L_D_F, 583, -1386, 8000, 10000
62283,AC,3425708,295239,975855855610,159,182539,-32,5478
62463,AC,3415453,307400,1015899304082,160,183667,-29,5444
62643,AC,3415561,309956,1024747639406,160,183667,-29,5444
62833,AC,3423052,323937,1076263309370,159,182531,27,5478
63013,AC,3414380,324486,1075374195150,160,183667,-27,5444
63065315, cp_H_L_D_F, 583, -1386, 8100, 10000
63193,AC,3414746,340996,1133373928767,160,183666,-24,5444
63383,AC,3416093,341137,1134059348387,160,183668,-24,5444
63563,AC,3424374,349667,1166798318395,159,182530,23,5478
63743,AC,3413504,363414,1211181040228,160,183667,-21,5444
63933,AC,3414366,363368,1211450251042,160,183666,-21,5444
64113,AC,3414940,376752,1257929231899,160,183667,20,5444
64065315, cp_H_L_D_F, 583, -1386, 8000, 10000
64293,AC,3424176,377843,1265380398104,159,182526,19,5478
64483,AC,3413615,394601,1319970608996,160,183667,-18,5444
64663,AC,3413564,396347,1326038042018,160,183666,-18,5444
64843,AC,3422209,397570,1333468077043,159,182526,18,5478
65033,AC,3412742,414139,1387307693228,160,183671,-17,5444
65065315, cp_H_L_D_F, 583, -1386, 8000, 10000
65213,AC,3413198,418771,1403936815792,160,183666,-16,5444
65393,AC,3413701,431440,1447504535934,160,183667,16,5444
65583,AC,3422539,435962,1467370106160,159,182527,15,5478
65763,AC,3412365,443229,1488261613843,160,183667,-14,5444
65943,AC,3413183,446182,1498832573930,160,183671,-14,5444
66065315, cp_H_L_D_F, 583, -1386, 8000, 10000
66133,AC,3421081,459851,1549299923053,159,182526,14,5478
66313,AC,3411771,466870,1569808068632,160,183666,13,5444
66493,AC,3412324,472412,1589283738123,160,183667,-13,5444
66683,AC,3412821,476098,1602028560506,160,183667,13,5444
66863,AC,3421379,486325,1641263742137,159,182526,12,5478
67043,AC,3410984,499909,1683589083415,160,183671,11,5444
67065315, cp_H_L_D_F, 583, -1386, 8000, 10000
67233,AC,3410815,504466,1699044424935,160,183667,-11,5444
67413,AC,3419386,511964,1729398734649,159,182527,11,5478
67593,AC,3410440,515991,1738687500503,160,183671,10,5444
67783,AC,3408832,532729,1795659550355,160,183667,-10,5444
67963,AC,3410641,532446,1795545210192,160,183667,10,5444
68065315, cp_H_L_D_F, 583, -1386, 8000, 10000
68143,AC,3419315,539401,1824075849471,159,182527,10,5478
68333,AC,3408742,556731,1878192982037,160,183671,9,5444
68513,AC,3409406,557035,1879619747672,160,183666,-9,5444
68693,AC,3417701,569713,1927611013585,159,182527,9,5478
68883,AC,3408273,568678,1918866287930,160,183666,9,5444
69063,AC,3408451,588315,1986176341892,160,183667,-9,5444
69065315, cp_H_L_D_F, 583, -1386, 8000, 10000
69243,AC,3409086,588503,1987109539939,160,183667,9,5444
69433,AC,3418114,599013,2028484970285,159,182530,9,5478
69613,AC,3407893,596959,2015602213672,160,183667,9,5444
69793,AC,3407931,617081,2084297769917,160,183667,-8,5444
69983,AC,3417453,622170,2107781899262,159,182526,8,5478
70065315, cp_H_L_D_F, 583, -1386, 8000, 10000
70163,AC,3407787,654127,2149902919829,160,183667,32,5444
70343,AC,3409436,644467,2143595303568,160,183671,-22,5444
70533,AC,3416777,666594,2252805341509,159,182526,9,5478
70713,AC,3406078,685357,2313139048905,160,183667,9,5444
70893,AC,3407074,685363,2313774130152,160,183666,-9,5444
71083,AC,3407331,692223,2337047118660,160,183673,9,5444
71065315, cp_H_L_D_F, 583, -1386, 8000, 10000
71263,AC,3415971,710083,2404803808512,159,182526,8,5478
71443,AC,3405290,707006,2386871836309,160,183667,8,5444
71633,AC,3405160,719970,2430806395273,160,183667,-8,5444
71813,AC,3413908,728651,2467147304508,159,182525,8,5478
71993,AC,3404002,726644,2453277427858,160,183667,8,5444
72065315, cp_H_L_D_F, 583, -1386, 8000, 10000
72183,AC,3403896,742309,2506148279261,160,183670,-8,5444
72363,AC,3411626,766429,2595181365653,159,182526,7,5478
72543,AC,3401776,763517,2577972489607,160,183667,7,5444
72733,AC,3402034,763272,2577333918472,160,183667,-7,5444
72913,AC,3409846,774656,2621863114803,159,182526,7,5478
73093,AC,3400453,792714,2676858480389,160,183666,6,5444
73065315, cp_H_L_D_F, 583, -1386, 8000, 10000
73283,AC,3400662,792009,2674770460005,160,183667,6,5444
73463,AC,3401529,791142,2672285146658,160,183666,-6,5444
73643,AC,3410306,802254,2717008498528,159,182526,6,5478
73833,AC,3399538,830584,2805840647145,160,183667,6,5444
74013,AC,3400074,828828,2800127627465,160,183670,-6,5444
74065315, cp_H_L_D_F, 583, -1386, 8000, 10000
74193,AC,3408680,830743,2813674000272,159,182532,6,5478
74383,AC,3399558,829305,2801505585574,160,183667,6,5444
74563,AC,3399522,857604,2898145389433,160,183667,5,5444
74743,AC,3407143,859077,2909587681053,159,182526,5,5478
74933,AC,3398461,856578,2893712578470,160,183667,5,5444
75113,AC,3398461,856786,2894568316941,160,183667,5,5444
75065315, cp_H_L_D_F, 583, -1386, 8000, 10000
75293,AC,3398711,886157,2994664614899,160,183667,-5,5444
75483,AC,3407852,892032,3023047146332,159,182530,5,5478
75663,AC,3397819,889411,3005391088637,160,183667,5,5444
75843,AC,3398368,889261,3005357488884,160,183673,-5,5444
76033,AC,3405991,917137,3106853267191,159,182526,5,5478
76065315, cp_H_L_D_F, 583, -1386, 8000, 10000
76213,AC,3396686,922129,3115995717366,160,183667,5,5444
76393,AC,3397259,922370,3117448573709,160,183667,5,5444
76583,AC,3397974,922032,3116741187814,160,183667,5,5444
76763,AC,3406385,943076,3196160050450,159,182530,5,5478
76943,AC,3396010,950679,3212844248282,160,183667,4,5444
77065315, cp_H_L_D_F, 583, -1386, 8000, 10000
77133,AC,3397044,950837,3214257200278,160,183668,-4,5444
77313,AC,3405390,953557,3231375227923,159,182531,4,5478
77493,AC,3395330,972779,3287610993087,160,183668,4,5444
77683,AC,3394971,973338,3289090921846,160,183666,4,5444
77863,AC,3395193,1020684,3414000741758,160,183671,13,5444
78043,AC,3406266,982468,3309556595762,159,182526,10,5478
78065315, cp_H_L_D_F, 583, -1386, 8000, 10000
78233,AC,3394411,1010724,3410640410368,160,183667,5,5444
78413,AC,3393765,1051173,3548286893152,160,183667,-5,5444
78593,AC,3401932,1051804,3559078258689,159,182525,5,5478
78783,AC,3392774,1048739,3539169181867,160,183668,5,5444
78963,AC,3393946,1048584,3539778101877,160,183666,5,5444
79065315, cp_H_L_D_F, 583, -1386, 8000, 10000
79143,AC,3394714,1048373,3539691923827,160,183671,5,5444
79333,AC,3403764,1051419,3559653935433,159,182526,5,5478
79513,AC,3393511,1053081,3554627667012,160,183667,5,5444
79693,AC,3393015,1096981,3703559394514,160,183667,-4,5444
79883,AC,3401493,1097693,3715220272079,159,182525,4,5478
80063,AC,3392767,1094044,3693463978026,160,183667,4,5444
80065315, cp_H_L_D_F, 583, -1386, 8000, 10000
80243,AC,3392840,1094279,3694382272211,160,183672,4,5444
80433,AC,3393561,1094536,3695885771567,160,183668,-4,5444
80613,AC,3401909,1117835,3784463981248,159,182526,4,5478
80793,AC,3392174,1114105,3761156780525,160,183671,4,5444
80983,AC,3392673,1113802,3760724249231,160,183668,4,5444
81065315, cp_H_L_D_F, 583, -1386, 8000, 10000
81163,AC,3392176,1153876,3895897979842,160,183667,4,5444
81343,AC,3400993,1163635,3940006268909,159,182526,4,5478
81533,AC,3391352,1159733,3915779217353,160,183671,4,5444
81713,AC,3392040,1159494,3915548312415,160,183668,4,5444
81893,AC,3399926,1162514,3934922978708,159,182526,4,5478
82083,AC,3390693,1159667,3914660519329,160,183671,4,5444
82065315, cp_H_L_D_F, 583, -1386, 8000, 10000
82263,AC,3390732,1190433,4018794250431,160,183667,4,5444
82443,AC,3391108,1205547,4071177629217,160,183667,-4,5444
82633,AC,3399724,1208907,4093050537018,159,182527,4,5478
82813,AC,3390195,1205376,4069738333388,160,183667,4,5444
82993,AC,3390446,1205816,4071521711028,160,183670,4,5444
83065315, cp_H_L_D_F, 583, -1386, 8000, 10000
83183,AC,3391008,1213110,4096723042447,160,183667,4,5444
83363,AC,3399433,1229615,4163322630593,159,182528,3,5478
83543,AC,3389215,1225249,4136160382564,160,183672,3,5444
83733,AC,3389492,1240577,4188110926874,160,183667,3,5444
83913,AC,3389058,1274484,4303061946589,160,183672,3,5444
84093,AC,3398460,1275650,4319189682282,159,182527,3,5478
84065315, cp_H_L_D_F, 583, -1386, 8000, 10000
84283,AC,3388388,1271864,4293689588586,160,183667,3,5444
84463,AC,3388565,1271877,4293838037979,160,183670,3,5444
84643,AC,3396448,1274950,4314199504829,159,182527,3,5478
84833,AC,3387533,1275248,4303997772363,160,183668,3,5444
85013,AC,3386649,1321199,4459124866227,160,183672,3,5444
85065315, cp_H_L_D_F, 583, -1386, 8000, 10000
85193,AC,3388084,1318909,4453019611501,160,183668,-3,5444
85383,AC,3396009,1321618,4472675399628,159,182531,3,5478
85563,AC,3385985,1318060,4447584873626,160,183667,3,5444
85743,AC,3386958,1318109,4449057255124,160,183672,3,5444
85933,AC,3388091,1324195,4470943695148,160,183668,3,5444
86113,AC,3396318,1346585,4558113349235,159,182531,3,5478
86065315, cp_H_L_D_F, 583, -1386, 8150, 10526
86293,AC,3386347,1344658,4538427413168,160,183668,3,5444
86483,AC,3387008,1344691,4539389729717,160,183667,3,5444
86663,AC,3386535,1383022,4668213906710,160,183667,3,5444
86843,AC,3395272,1395198,4722373240811,159,182530,3,5478
87033,AC,3385008,1391382,4695197091211,160,183667,3,5444
87065315, cp_H_L_D_F, 583, -1386, 8000, 10000
87213,AC,3385505,1391685,4696793689841,160,183668,3,5444
87393,AC,3393648,1394749,4718546610818,159,182531,3,5478
87583,AC,3384841,1400228,4725021960450,160,183667,3,5444
87763,AC,3385418,1404353,4739922690964,160,183667,3,5444
87953,AC,3385157,1431582,4831021072908,160,183667,-3,5444
88065315, cp_H_L_D_F, 583, -1386, 8000, 10000
88133,AC,3392402,1455327,4922820214255,159,182526,2,5478
88313,AC,3382963,1451407,4895991706515,160,183671,2,5444
88503,AC,3383822,1451475,4897502892088,160,183668,2,5444
88683,AC,3384364,1451031,4896583406545,160,183671,2,5444
88863,AC,3393171,1454541,4921327423861,159,182526,2,5478
89053,AC,3382856,1464760,4940873017631,160,183668,2,5444
89065337, cp_H_L_D_F, 583, -1386, 8000, 10000
89233,AC,3382663,1493915,5039567635794,160,183667,2,5444
89413,AC,3383868,1491247,5032272891444,160,183666,2,5444
89593,AC,3392714,1495465,5059870308195,159,182530,2,5478
89783,AC,3382327,1491341,5030606192848,160,183667,2,5444
89963,AC,3382595,1496626,5048588305524,160,183667,2,5444
90065315, cp_H_L_D_F, 583, -1386, 8000, 10000
90143,AC,3389698,1538623,5201971569160,159,182526,2,5478
90333,AC,3381130,1531706,5165508187437,160,183667,2,5444
90513,AC,3381330,1531922,5166557207200,160,183667,2,5444
90703,AC,3381869,1531883,5167126434083,160,183671,-2,5444
90883,AC,3390146,1535993,5193751152909,159,182527,2,5478
91063,AC,3379405,1577730,5318652205826,160,183667,2,5444
91065315, cp_H_L_D_F, 583, -1386, 8000, 10000
91253,AC,3380063,1579953,5327353629882,160,183671,2,5444
91433,AC,3380960,1578844,5324845969628,160,183667,2,5444
91613,AC,3389072,1583321,5352904908030,159,182527,2,5478
91803,AC,3379471,1578927,5322995556938,160,183667,2,5444
91983,AC,3380613,1578790,5324194561569,160,183666,2,5444
92065315, cp_H_L_D_F, 583, -1386, 8000, 10000
92163,AC,3387667,1610334,5442084917521,159,182530,2,5478
92353,AC,3378746,1612161,5434321502701,160,183666,2,5444
92533,AC,3378607,1613191,5437642746877,160,183668,2,5444
92713,AC,3379519,1612798,5437597267170,160,183668,-2,5444
92903,AC,3387637,1627572,5500589499567,159,182532,2,5478
93083,AC,3377378,1648440,5554774833226,160,183671,2,5444
93065315, cp_H_L_D_F, 583, -1386, 8000, 10000
93263,AC,3377572,1647332,5551423078116,160,183667,2,5444
93453,AC,3377860,1646767,5549839202595,160,183668,2,5444
93633,AC,3386722,1655915,5595452112697,159,182531,2,5478
93813,AC,3376948,1670379,5627946457923,160,183668,2,5444
94003,AC,3377217,1687981,5688199904295,160,183672,2,5444
94065315, cp_H_L_D_F, 583, -1386, 8000, 10000
94183,AC,3385635,1691378,5713796729406,159,182526,2,5478
94363,AC,3376058,1687223,5683723724860,160,183667,2,5444
94553,AC,3375969,1693207,5703751769319,160,183672,2,5444
94733,AC,3376748,1709053,5758552058460,160,183667,2,5444
94913,AC,3386098,1712015,5784528383993,159,182527,2,5478
95103,AC,3376499,1713271,5772393393042,160,183671,2,5444
95065363, cp_H_L_D_F, 583, -1386, 8000, 10000
95283,AC,3375831,1758721,5924825321331,160,183668,2,5444
95463,AC,3384003,1759794,5942842823079,159,182526,2,5478
95653,AC,3375054,1754908,5910583619010,160,183672,2,5444
95833,AC,3375318,1755442,5912935360251,160,183668,2,5444
96013,AC,3375777,1754968,5912048187599,160,183672,-2,5444
96065315, cp_H_L_D_F, 583, -1386, 8000, 10000
96203,AC,3384368,1765137,5961516307366,159,182527,2,5478
96383,AC,3374753,1762682,5936349076405,160,183667,2,5444
96563,AC,3373823,1811807,6100339881068,160,183671,2,5444
96753,AC,3381744,1821906,6149101688887,159,182527,1,5478
96933,AC,3372465,1817235,6116467428287,160,183667,1,5444
97113,AC,3372422,1817794,6118298636516,160,183672,1,5444
97065315, cp_H_L_D_F, 583, -1386, 8000, 10000
97303,AC,3372557,1817585,6117766688337,160,183667,1,5444
97483,AC,3380615,1823017,6150728005839,159,182527,1,5478
97663,AC,3369786,1830799,6157127062869,160,183671,1,5444
97853,AC,3369901,1854674,6238083195693,160,183668,1,5444
98033,AC,3378543,1857419,6263354562474,159,182531,1,5478
98065315, cp_H_L_D_F, 583, -1386, 8000, 10000
98213,AC,3369961,1852361,6230422116036,160,183668,1,5444
98403,AC,3370613,1856186,6244556893907,160,183670,1,5444
98583,AC,3371266,1865788,6278034050816,160,183668,1,5444
98763,AC,3379334,1886309,6362583662057,159,182527,1,5478
98953,AC,3369465,1880333,6323940679340,160,183667,1,5444
99065315, cp_H_L_D_F, 583, -1386, 8000, 10000
99133,AC,3369505,1898354,6384369941919,160,183671,1,5444
99313,AC,3377600,1927591,6498827375171,159,182527,1,5478
99503,AC,3368523,1921163,6459828000771,160,183672,1,5444
99683,AC,3368420,1921816,6461895662218,160,183668,1,5444
99863,AC,3369582,1921312,6462221714649,160,183667,1,5444
100053,AC,3377893,1932748,6516832525804,159,182531,1,5478
100065315, cp_H_L_D_F, 583, -1386, 8000, 10000
100233,AC,3367304,1944257,6535379260075,160,183667,1,5444
100413,AC,3367795,1943129,6532445404607,160,183667,1,5444
100603,AC,3376070,1951527,6576770850546,159,182526,1,5478
100783,AC,3365679,1987387,6677542480378,160,183671,1,5444
100963,AC,3366836,1984965,6671672186965,160,183667,1,5444
101065315, cp_H_L_D_F, 583, -1386, 8000, 10000
101153,AC,3367380,1984485,6670869018573,160,183668,1,5444
101333,AC,3376196,1990288,6708131378481,159,182530,1,5478
101513,AC,3365954,1984958,6669959924595,160,183667,1,5444
101703,AC,3366272,2019039,6785294222613,160,183668,1,5444
101883,AC,3375074,2024735,6822290334684,159,182530,1,5478
102063,AC,3365529,2018862,6783533642502,160,183668,1,5444
102065315, cp_H_L_D_F, 583, -1386, 8000, 10000
102253,AC,3366092,2019169,6785560944179,160,183668,1,5444
102433,AC,3372804,2063964,6949861711039,159,182531,1,5478
102613,AC,3363740,2076462,6973857351035,160,183667,1,5444
102803,AC,3362596,2126855,7140558794554,160,183672,1,5444
102983,AC,3360666,2222155,7456390798579,160,183668,-1,5444
103065315, cp_H_L_D_F, 583, -1386, 8000, 10000
103163,AC,3368088,2278881,7665313941664,159,182529,1,5478
103353,AC,3358704,2268662,7609948815309,160,183669,1,5444
103533,AC,3358849,2268113,7608351817446,160,183668,1,5444
103713,AC,3366865,2273241,7643642345952,159,182531,1,5478
103903,AC,3358330,2266489,7601724929391,160,183672,1,5444
104083,AC,3358708,2268040,7607818628164,160,183669,1,5444
104065315, cp_H_L_D_F, 583, -1386, 8000, 10000
104263,AC,3359968,2267284,7607979462394,160,183670,1,5444
104453,AC,3368567,2273215,7647406553288,159,182527,1,5478
104633,AC,3358971,2267164,7605530771783,160,183668,1,5444
104813,AC,3358942,2267973,7608035991481,160,183672,1,5444
105003,AC,3367508,2275275,7651981594646,159,182527,1,5478
105065315, cp_H_L_D_F, 583, -1386, 8000, 10000
105183,AC,3358553,2274395,7628735004638,160,183668,1,5444
105363,AC,3358742,2275697,7633721248361,160,183671,1,5444
105553,AC,3359725,2274814,7632760881378,160,183668,1,5444
105733,AC,3368827,2280655,7673156643554,159,182532,1,5478
105913,AC,3359703,2274323,7631303634810,160,183668,1,5444
106103,AC,3360391,2275399,7636182448750,160,183670,1,5444
106065315, cp_H_L_D_F, 583, -1386, 8000, 10000
106283,AC,3368865,2280205,7671655702005,159,182527,1,5478
106463,AC,3359238,2273976,7629029680679,160,183667,1,5444
106653,AC,3359309,2275196,7633236973888,160,183672,1,5444
106833,AC,3367383,2280210,7668356010185,159,182527,1,5478
107013,AC,3358824,2273446,7626223495635,160,183672,1,5444
107065315, cp_H_L_D_F, 583, -1386, 8000, 10000
107203,AC,3359538,2274568,7631687809571,160,183668,1,5444
107383,AC,3360241,2275390,7635845899613,160,183670,-1,5444
107563,AC,3368985,2280767,7673863035707,159,182527,1,5478
107753,AC,3359320,2274404,7630647698056,160,183669,1,5444
107933,AC,3359800,2275238,7634506092849,160,183671,1,5444
108113,AC,3367660,2279580,7666807313447,159,182527,1,5478
108065315, cp_H_L_D_F, 583, -1386, 8000, 10000
108303,AC,3358783,2273496,7626311524690,160,183668,1,5444
108483,AC,3359317,2275073,7632848340659,160,183669,1,5444
108663,AC,3359796,2275537,7635402931739,160,183668,-1,5444
108853,AC,3367932,2281908,7675327085000,159,182527,1,5478
109033,AC,3358348,2274927,7630270007053,160,183670,1,5444
109065315, cp_H_L_D_F, 583, -1386, 8000, 10000
109213,AC,3359027,2275843,7634782232904,160,183667,1,5444
109403,AC,3366809,2280422,7667771117210,159,182528,1,5478
109583,AC,3358791,2266591,7603125099377,160,183671,1,5444
109763,AC,3359191,2267771,7608068307737,160,183668,1,5444
109953,AC,3359591,2267641,7608435502560,160,183668,1,5444
110065315, cp_H_L_D_F, 583, -1386, 8000, 10000
110133,AC,3367869,2273673,7647444776773,159,182531,1,5478
110313,AC,3358414,2267350,7604827513575,160,183669,1,5444
110503,AC,3358824,2269075,7611596463636,160,183672,1,5444
110683,AC,3360077,2267779,7609825026379,160,183671,1,5444
110863,AC,3368929,2273839,7650410253365,159,182533,1,5478
111053,AC,3359436,2267362,7607255532146,160,183668,1,5444
111065315, cp_H_L_D_F, 583, -1386, 8000, 10000
111233,AC,3360250,2267726,7610264504638,160,183673,1,5444
111413,AC,3367633,2273104,7644926164983,159,182532,1,5478
111603,AC,3358328,2267130,7603833971868,160,183669,1,5444
111783,AC,3358921,2268308,7609243855553,160,183671,1,5444
111963,AC,3360074,2267861,7610274781813,160,183668,-1,5444
112065315, cp_H_L_D_F, 583, -1386, 8000, 10000
112153,AC,3368759,2273261,7648034968798,159,182530,1,5478
112333,AC,3359241,2267380,7606751943914,160,183668,1,5444
112513,AC,3359730,2267993,7610010161242,160,183672,1,5444
112703,AC,3360527,2267590,7610232687593,160,183669,1,5444
112883,AC,3369481,2273123,7649250548363,159,182532,1,5478
113063,AC,3359772,2267571,7608747052560,160,183673,1,5444
113065315, cp_H_L_D_F, 583, -1386, 8050, 10526
113253,AC,3360393,2267966,7611343630997,160,183669,1,5444
113433,AC,3367996,2273691,7647832864035,159,182532,1,5478
113613,AC,3359490,2270251,7617101860107,160,183671,1,5444
113803,AC,3360055,2274906,7634031303865,160,183669,1,5444
113983,AC,3360356,2274707,7633880149036,160,183671,-1,5444
114065315, cp_H_L_D_F, 583, -1386, 8000, 10000
114163,AC,3368416,2280970,7673367765936,159,182528,1,5478
114353,AC,3358781,2275547,7633363501447,160,183671,1,5444
114533,AC,3359480,2271716,7621896345414,160,183668,1,5444
114713,AC,3359888,2268485,7611839637576,160,183673,1,5444
114903,AC,3368241,2275546,7654633122864,159,182527,1,5478
115083,AC,3358345,2274882,7630025959202,160,183671,1,5444
115065365, cp_H_L_D_F, 583, -1386, 8000, 10000
115263,AC,3359374,2270070,7616108534596,160,183669,1,5444
115453,AC,3367405,2274226,7648261870291,159,182530,1,5478
115633,AC,3358439,2267332,7604737156757,160,183668,1,5444
115813,AC,3359416,2267867,7608847014745,160,183669,1,5444
116003,AC,3359996,2268127,7610967548733,160,183670,1,5444
116065315, cp_H_L_D_F, 583, -1386, 8000, 10000
116183,AC,3368275,2273853,7648979102578,159,182528,1,5478
116363,AC,3359455,2267322,7607089506850,160,183671,1,5444
116553,AC,3360210,2268030,7611197335743,160,183669,1,5444
116733,AC,3360473,2267467,7609742951435,160,183670,1,5444
116913,AC,3368897,2274197,7651556775487,159,182528,1,5478
117103,AC,3359099,2267687,7607619960934,160,183671,1,5444
117065315, cp_H_L_D_F, 583, -1386, 8100, 10000
117283,AC,3359563,2268909,7612727857143,160,183669,1,5444
117463,AC,3360466,2268241,7612312634859,160,183671,1,5444
117653,AC,3369125,2274409,7652804160177,159,182528,1,5478
117833,AC,3359224,2268055,7609119377162,160,183673,1,5444
118013,AC,3360211,2267693,7610103052201,160,183668,1,5444
118065315, cp_H_L_D_F, 583, -1386, 8000, 10000
118203,AC,3368339,2272802,7645585408662,159,182529,1,5478
118383,AC,3359173,2267670,7607573739843,160,183669,1,5444
118563,AC,3359742,2268608,7612132460350,160,183672,1,5444
118753,AC,3360281,2273519,7629770618214,160,183668,1,5444
118933,AC,3368622,2281360,7675044159767,159,182532,1,5478
119113,AC,3359344,2274929,7632475250279,160,183668,1,5444
119065315, cp_H_L_D_F, 583, -1386, 8000, 10000
119303,AC,3359486,2275430,7634440636289,160,183672,1,5444
119483,AC,3359898,2276240,7637946691229,160,183672,1,5444
119663,AC,3368383,2281707,7675761106544,159,182528,1,5478
119853,AC,3359417,2274880,7632527944990,160,183672,1,5444
120033,AC,3359644,2275913,7636444684075,160,183668,1,5444
120065315, cp_H_L_D_F, 583, -1386, 8000, 10000
120223,AC,3360152,2276256,7638618653749,160,183671,1,5444
120403,AC,3368796,2282267,7678576764697,159,182533,1,5478
120583,AC,3359124,2275691,7634586753707,160,183668,1,5444
120773,AC,3359942,2276902,7640438537509,160,183671,1,5444
120953,AC,3361031,2274943,7636127389851,160,183669,1,5444
121065315, cp_H_L_D_F, 583, -1386, 8000, 10000
121133,AC,3369636,2281948,7679462396593,159,182532,1,5478
121323,AC,3359625,2275586,7635361156049,160,183673,1,5444
121503,AC,3360586,2276105,7639180452921,160,183668,1,5444
121683,AC,3368458,2280084,7670431082737,159,182531,1,5478
121863,AC,3358991,2275154,7632315196789,160,183668,1,5444
122053,AC,3359268,2275706,7634997022271,160,183672,1,5444
122065365, cp_H_L_D_F, 583, -1386, 8000, 10000
122233,AC,3360200,2275924,7637698267367,160,183669,1,5444
122413,AC,3368378,2280952,7673119235320,159,182531,1,5478
122603,AC,3358640,2275348,7632286612368,160,183673,1,5444
122783,AC,3358923,2276766,7637763198835,160,183668,1,5444
122973,AC,3359812,2276669,7639286931495,160,183671,-1,5444
123065315, cp_H_L_D_F, 583, -1386, 8000, 10000
123153,AC,3368192,2282188,7676856813965,159,182527,1,5478
123333,AC,3358821,2275731,7634001755538,160,183670,1,5444
123523,AC,3359878,2274997,7633909066128,160,183669,1,5444
123703,AC,3360257,2276235,7638826446971,160,183668,1,5444
123883,AC,3369068,2281450,7676399040577,159,182530,1,5478
124073,AC,3359706,2274994,7633582669129,160,183668,1,5444
124065315, cp_H_L_D_F, 583, -1386, 8000, 10000
124253,AC,3360636,2276070,7639249471555,160,183671,1,5444
124433,AC,3361798,2275323,7639147233536,160,183668,1,5444
124623,AC,3370021,2281608,7679107125757,159,182532,1,5478
124803,AC,3359960,2275571,7636072271052,160,183669,1,5444
124983,AC,3360737,2275174,7636425864247,160,183672,1,5444
125065315, cp_H_L_D_F, 583, -1386, 8000, 10000
125173,AC,3361620,2275531,7639515278283,160,183672,1,5444
125353,AC,3370467,2281361,7679308067513,159,182528,1,5478
125533,AC,3360794,2274720,7635003650391,160,183671,1,5444
125723,AC,3361445,2275158,7637957989349,160,183669,1,5444
125903,AC,3369659,2280137,7673322066071,159,182530,1,5478
126083,AC,3360067,2274646,7633112620883,160,183670,1,5444
126065315, cp_H_L_D_F, 583, -1386, 8000, 10000
126273,AC,3360352,2275275,7635933709822,160,183671,1,5444
126453,AC,3361121,2276247,7640812963402,160,183671,-1,5444
126633,AC,3369348,2278867,7668298498690,159,182529,1,5478
126823,AC,3360452,2267515,7610077904210,160,183676,1,5444
127003,AC,3360895,2267791,7611988291453,160,183671,1,5444
127065315, cp_H_L_D_F, 583, -1386, 8000, 10000
127183,AC,3361349,2268411,7614938514879,160,183674,1,5444
127373,AC,3369823,2274199,7653662347877,159,182530,1,5478
127553,AC,3360365,2267641,7610274147812,160,183669,1,5444
127733,AC,3361134,2267377,7611040876644,160,183673,1,5444
127923,AC,3369418,2273683,7651013272378,159,182532,1,5478
128103,AC,3359785,2273606,7628876124704,160,183672,1,5444
128065315, cp_H_L_D_F, 583, -1386, 8000, 10000
128283,AC,3360436,2275624,7637315193690,160,183669,1,5444
128473,AC,3360874,2275500,7637731509121,160,183671,1,5444
128653,AC,3368885,2280884,7674099301745,159,182528,1,5478
128833,AC,3359443,2274457,7631022152431,160,183671,1,5444
129023,AC,3359615,2276159,7637227582696,160,183669,1,5444
129065315, cp_H_L_D_F, 583, -1386, 8000, 10000
129203,AC,3360741,2275498,7637394017214,160,183671,1,5444
129383,AC,3369727,2281306,7677468092154,159,182529,1,5478
129573,AC,3360098,2275329,7635534690998,160,183671,1,5444
129753,AC,3360461,2275781,7637829526816,160,183669,1,5444
129933,AC,3368224,2279194,7666907251582,159,182530,1,5478
130123,AC,3359723,2267601,7608589335229,160,183670,1,5444
130066114, cp_H_L_D_F, 583, -1386, 8000, 10000
130303,AC,3360261,2269231,7615335370723,160,183671,1,5444
130483,AC,3360690,2274556,7634171619493,160,183672,-1,5444
130673,AC,3368863,2281655,7676633620139,159,182528,1,5478
130853,AC,3358934,2275068,7632053813210,160,183673,1,5444
131033,AC,3359614,2276303,7637701099471,160,183672,1,5444
131065315, cp_H_L_D_F, 583, -1386, 8000, 10000
131223,AC,3360771,2274797,7635106261708,160,183672,1,5444
131403,AC,3369403,2281694,7678019346259,159,182529,1,5478
131583,AC,3359217,2275269,7633387808397,160,183671,1,5444
131773,AC,3359675,2276887,7639836838731,160,183669,1,5444
131953,AC,3368579,2280914,7673532557511,159,182531,1,5478
132065315, cp_H_L_D_F, 583, -1386, 8000, 10000
132133,AC,3359216,2274965,7632304036664,160,183669,1,5444
132323,AC,3359253,2276328,7636947163148,160,183678,1,5444
132503,AC,3360403,2275913,7637985484751,160,183669,1,5444
132683,AC,3368884,2281945,7677643690630,159,182532,1,5478
132873,AC,3359149,2276547,7637597139282,160,183673,1,5444
133053,AC,3359768,2275741,7636134582103,160,183674,1,5444
133065315, cp_H_L_D_F, 583, -1386, 8000, 10000
133233,AC,3367829,2281356,7673265898243,159,182531,1,5478
133423,AC,3358513,2276122,7634628503313,160,183673,1,5444
133603,AC,3359372,2274432,7630869505940,160,183670,1,5444
133783,AC,3360236,2269481,7616029398217,160,183671,1,5444
133973,AC,3369272,2274750,7654314349000,159,182532,1,5478
134065315, cp_H_L_D_F, 583, -1386, 8000, 10000
134153,AC,3359420,2269088,7613045096233,160,183669,1,5444
134333,AC,3359554,2269693,7615366661599,160,183673,1,5444
134523,AC,3368227,2274529,7651194796351,159,182531,1,5478
134703,AC,3359004,2268675,7610654836996,160,183669,1,5444
134883,AC,3359523,2269163,7613543426068,160,183672,1,5444
135073,AC,3360575,2269639,7617288413979,160,183671,1,5444
135065315, cp_H_L_D_F, 583, -1397, 8000, 10000
135253,AC,3369685,2275225,7656814360512,159,182528,1,5478
135433,AC,3360016,2268910,7613817290603,160,183671,1,5444
135623,AC,3360411,2269165,7615484418908,160,183669,1,5444
135803,AC,3368536,2274090,7650403423624,159,182532,1,5478
135983,AC,3359780,2267895,7609780902286,160,183673,1,5444
136065315, cp_H_L_D_F, 583, -1386, 8000, 10000
136173,AC,3360361,2268672,7613817727643,160,183669,1,5444
136353,AC,3361173,2269003,7616591946288,160,183671,1,5444
136533,AC,3369858,2275099,7656800545544,159,182528,1,5478
136723,AC,3360264,2269037,7614889801346,160,183674,1,5444
136903,AC,3361035,2271958,7626268777195,160,183671,1,5444
137083,AC,3369467,2281275,7676733214927,159,182531,1,5478
137065347, cp_H_L_D_F, 583, -1386, 8000, 10000
137273,AC,3360781,2274972,7635841226340,160,183670,1,5444
137453,AC,3360613,2275593,7637583729263,160,183673,1,5444
137633,AC,3361158,2276303,7641074397176,160,183671,1,5444
137823,AC,3369884,2281231,7677507872250,159,182529,1,5478
138003,AC,3359472,2276993,7639758520976,160,183672,1,5444
138065315, cp_H_L_D_F, 583, -1386, 8000, 10000
138183,AC,3360192,2277495,7642961400663,160,183671,1,5444
138373,AC,3368144,2281019,7672833053798,159,182529,1,5478
138553,AC,3359023,2275414,7633371845950,160,183671,1,5444
138733,AC,3359346,2277293,7640452269979,160,183674,1,5444
138923,AC,3358993,2277055,7638719916626,160,183670,-1,5444
139103,AC,3366375,2277825,7658019551386,159,182529,1,5478
139065315, cp_H_L_D_F, 583, -1386, 8000, 10000
139283,AC,3357713,2270294,7613199933517,160,183669,1,5444
139473,AC,3357779,2271250,7616512750491,160,183671,1,5444
139653,AC,3358449,2271155,7617507165421,160,183668,1,5444
139833,AC,3367307,2277356,7658588546192,159,182532,1,5478
140023,AC,3357494,2270312,7612774826406,160,183673,1,5444
140065315, cp_H_L_D_F, 583, -1386, 8000, 10000
140203,AC,3358642,2270511,7615995728898,160,183671,1,5444
140383,AC,3366858,2275749,7652137429637,159,182529,1,5478
140573,AC,3357470,2269930,7611368677045,160,183672,1,5444
140753,AC,3358081,2270550,7614870127062,160,183673,1,5444
140933,AC,3358536,2270822,7616697088687,160,183676,1,5444
141123,AC,3396208,1569478,4362117346730,159,182530,163,5478
141066115, cp_H_L_D_F, 583, -1397, 1000, 10000
141303,AC,3403700,737510,2410095876664,160,183669,36,5444
141483,AC,3413996,495807,1314699443276,160,183670,-201,5444
141673,AC,3427442,225744,681385044084,159,182535,-108,5478
141853,AC,3417795,222393,707446625939,160,183672,-63,5444
142033,AC,3418672,222305,714685077828,160,183669,-54,5444
142065315, cp_H_L_D_F, 583, -1397, 1000, 10000
142223,AC,3418835,244128,792154435103,160,183671,-45,5444
142403,AC,3426748,249643,814395901059,159,182529,-44,5478
142583,AC,3417094,251328,818440552243,160,183671,-43,5444
142773,AC,3416874,269911,884007420490,160,183670,-37,5444
142953,AC,3417901,272371,892947829249,160,183671,36,5444
143065315, cp_H_L_D_F, 583, -1397, 1000, 10000
143133,AC,3426385,284691,938916200414,159,182533,-34,5478
143323,AC,3415554,312560,1034232200853,160,183674,-28,5444
143503,AC,3415926,312976,1035730239634,160,183674,-28,5444
143683,AC,3423734,313340,1039499352258,159,182531,28,5478
143873,AC,3414932,312450,1033769773207,160,183672,-28,5444
144053,AC,3415377,312270,1033284850106,160,183670,-28,5444
144065315, cp_H_L_D_F, 583, -1397, 1000, 10000
144243,AC,3416437,311523,1030782078521,160,183672,-28,5444
144423,AC,3424448,312480,1036635733164,159,182531,28,5478
144603,AC,3414939,311687,1031071779776,160,183669,-28,5444
144783,AC,3415385,311512,1030577497944,160,183672,-28,5444
144973,AC,3416389,311295,1029874827776,160,183669,28,5444
145065317, cp_H_L_D_F, 583, -1397, 1000, 10000
145153,AC,3425506,312393,1036702096411,159,182530,-28,5478
145333,AC,3415329,312409,1033793998397,160,183672,-28,5444
145523,AC,3415994,312376,1033682505561,160,183669,-28,5444
145703,AC,3416785,311223,1029705743825,160,183671,28,5444
145883,AC,3425953,312449,1037054863740,159,182528,-28,5478
146073,AC,3415560,311458,1030552760507,160,183671,-28,5444
146065315, cp_H_L_D_F, 583, -1397, 1000, 10000
146253,AC,3416023,311566,1030786258811,160,183669,-28,5444
146433,AC,3424272,312344,1036127639528,159,182531,28,5478
146623,AC,3415216,311648,1031045147166,160,183671,-28,5444
146803,AC,3415703,311544,1030882530439,160,183669,-28,5444
146993,AC,3416026,311465,1030478835934,160,183671,-28,5444
147065315, cp_H_L_D_F, 583, -1397, 1000, 10000
147173,AC,3424121,313222,1039201602284,159,182528,28,5478
147353,AC,3414890,312265,1033161124976,160,183674,-28,5444
147543,AC,3415862,312324,1033553702035,160,183672,-28,5444
147723,AC,3416962,312097,1032901633163,160,183673,-28,5444
147903,AC,3425194,313221,1039741908665,159,182528,27,5478
148093,AC,3414883,312209,1032983225971,160,183673,-28,5444
148065315, cp_H_L_D_F, 583, -1397, 1000, 10000
148273,AC,3415529,312292,1033445776496,160,183673,-28,5444
148453,AC,3415274,311941,1031807214816,160,183673,28,5444
148643,AC,3424007,312523,1036714434134,159,182528,-28,5478
148823,AC,3414150,312063,1032186787901,160,183672,-28,5444
149003,AC,3414565,311896,1031639613129,160,183671,-28,5444
149065315, cp_H_L_D_F, 583, -1397, 1000, 10000
149193,AC,3416032,311414,1030257105270,160,183669,28,5444
149373,AC,3424700,312514,1036962389894,159,182532,-28,5478
149553,AC,3415376,311666,1031065202184,160,183673,-28,5444
149743,AC,3415538,311521,1030563754178,160,183668,-28,5444
149923,AC,3416167,311347,1029894792647,160,183671,28,5444
150103,AC,3424618,312386,1036474081483,159,182529,-28,5478
150065315, cp_H_L_D_F, 583, -1397, 1000, 10000
150293,AC,3414755,311701,1031149768469,160,183671,-28,5444
150473,AC,3415161,311551,1030662932697,160,183671,-28,5444
150653,AC,3415843,311338,1029928330322,160,183669,28,5444
150843,AC,3424716,312578,1037267466676,159,182530,-28,5478
151023,AC,3415489,312439,1033918504095,160,183670,-28,5444
151065315, cp_H_L_D_F, 583, -1397, 1000, 10000
151203,AC,3416687,312245,1033395104674,160,183671,-28,5444
151393,AC,3417028,312248,1033338177994,160,183670,28,5444
151573,AC,3425503,313413,1040253054665,159,182530,-28,5478
151753,AC,3415662,312366,1033738834249,160,183674,-28,5444
151943,AC,3416310,312267,1033463589866,160,183671,-28,5444
152123,AC,3417293,312097,1033095117965,160,183670,28,5444
152066141, cp_H_L_D_F, 583, -1397, 1000, 10000
152303,AC,3425814,313276,1039978627741,159,182533,-27,5478
152493,AC,3416002,312356,1033796655558,160,183671,-28,5444
152673,AC,3416133,312154,1033004991113,160,183669,-28,5444
152853,AC,3417082,312090,1032846271824,160,183672,28,5444
153043,AC,3425562,313093,1039249148574,159,182532,-28,5478
153065315, cp_H_L_D_F, 583, -1397, 1000, 10000
153223,AC,3415657,312355,1033756778369,160,183669,-28,5444
153403,AC,3416216,312410,1033927785990,160,183672,-28,5444
153593,AC,3416812,312013,1032590451084,160,183672,28,5444
153773,AC,3425948,312705,1037969395922,159,182529,-28,5478
153953,AC,3415315,311905,1032050140926,160,183672,-28,5444
154065315, cp_H_L_D_F, 583, -1397, 1000, 10000
154143,AC,3415163,311937,1032043472393,160,183672,-28,5444
154323,AC,3416218,312038,1032413810932,160,183672,28,5444
154503,AC,3424452,313029,1038730192945,159,182529,-27,5478
154693,AC,3415078,312084,1032631233309,160,183672,-28,5444
154873,AC,3414895,311884,1031857915996,160,183673,-28,5444
155053,AC,3415597,311972,1032101927306,160,183672,28,5444
155065315, cp_H_L_D_F, 583, -1397, 1000, 10000
155243,AC,3423883,312627,1037014352152,159,182529,28,5478
155423,AC,3414424,311852,1031600431565,160,183673,-28,5444
155603,AC,3415075,312341,1033443501069,160,183672,-28,5444
155793,AC,3415982,311968,1032208442947,160,183669,28,5444
155973,AC,3424934,312871,1038215821534,159,182532,28,5478
156065315, cp_H_L_D_F, 583, -1397, 1000, 10000
156153,AC,3415350,311988,1032398025738,160,183672,-28,5444
156343,AC,3416033,311912,1032294829707,160,183673,-28,5444
156523,AC,3416686,312025,1032491837906,160,183674,-28,5444
156703,AC,3424837,312838,1038046203969,159,182531,28,5478
156893,AC,3415295,312297,1033311325373,160,183670,-28,5444
157073,AC,3415981,312115,1032824537092,160,183671,-28,5444
157065315, cp_H_L_D_F, 583, -1397, 1000, 10000
157263,AC,3417077,311883,1032231157244,160,183669,-28,5444
157443,AC,3424734,312817,1038110666131,159,182531,27,5478
157623,AC,3415221,311935,1032009561463,160,183669,-28,5444
157813,AC,3415865,311987,1032413115283,160,183672,-28,5444
157993,AC,3416395,311981,1032337701628,160,183672,-28,5444
158065315, cp_H_L_D_F, 583, -1397, 1000, 10000
158173,AC,3417857,311659,1031632590948,160,183669,28,5444
158353,AC,3426362,312929,1039030756975,159,182531,-27,5478
158543,AC,3416250,312118,1032970768693,160,183671,-28,5444
158723,AC,3416519,311922,1032271828375,160,118133,-28,8465
158913,AC,3417166,311812,1031908616504,160,249209,28,4012
159093,AC,3426651,312958,1039121900985,159,182532,-28,5478
159065315, cp_H_L_D_F, 583, -1397, 1000, 10000
159273,AC,3415937,312190,1033250196162,160,183668,-28,5444
159463,AC,3416620,312038,1032783531244,160,183671,-28,5444
159643,AC,3417452,312006,1032718728920,160,183669,28,5444
159823,AC,3426173,312998,1039060332257,159,182532,-28,5478
160013,AC,3416689,312096,1032971261359,160,183673,-28,5444
160065315, cp_H_L_D_F, 583, -1397, 1000, 10000
160193,AC,3417068,311949,1032625528566,160,183673,-28,5444
160373,AC,3417382,312084,1033019457766,160,183672,28,5444
160563,AC,3426047,312943,1038843520496,159,182529,-28,5478
160743,AC,3416040,312014,1032663962719,160,183673,-28,5444
160923,AC,3416287,312212,1033310443116,160,183672,-28,5444
161113,AC,3417060,311665,1031472970935,160,183673,28,5444
161065315, cp_H_L_D_F, 583, -1397, 1000, 10000
161293,AC,3426029,312886,1038573083467,159,182534,-28,5478
161473,AC,3416228,312075,1032855843771,160,183674,-28,5444
161663,AC,3417290,312252,1033763263868,160,183674,-28,5444
161843,AC,3417453,311770,1031946649582,160,183670,28,5444
162023,AC,3425978,312855,1038532341179,159,182530,-28,5478
162065315, cp_H_L_D_F, 583, -1386, 1000, 10000
162213,AC,3416072,311987,1032552626196,160,183671,-28,5444
162393,AC,3416622,312101,1032958155294,160,183674,-28,5444
162573,AC,3418120,311773,1031998618547,160,183672,28,5444
162763,AC,3426317,312540,1037407982271,159,182529,-28,5478
162943,AC,3416719,304396,1006032095236,160,183672,-29,5444
163123,AC,3416861,304964,1008019725086,160,183671,-29,5444
163066113, cp_H_L_D_F, 583, -1397, 1350, 10526
163313,AC,3417792,305079,1008465355395,160,183670,29,5444
163493,AC,3426459,306070,1014617050896,159,182532,-29,5478
163673,AC,3416344,305249,1008938053601,160,183672,-29,5444
163863,AC,3417254,305089,1008606393075,160,183674,-29,5444
164043,AC,3418270,304844,1007808515632,160,183674,29,5444
164065315, cp_H_L_D_F, 583, -1397, 1000, 10000
164223,AC,3427468,305931,1014523889528,159,182533,-29,5478
164413,AC,3417125,305207,1008952679465,160,183672,-29,5444
164593,AC,3417278,305175,1008760395225,160,183670,-29,5444
164773,AC,3417710,305000,1008094755341,160,183672,29,5444
164963,AC,3426649,306005,1014515494629,159,182531,-29,5478
165065315, cp_H_L_D_F, 583, -1386, 8000, 10000
165143,AC,3416849,309186,1022836338750,160,183670,-28,5444
165323,AC,3416700,324957,1077868963542,160,183672,-27,5444
165513,AC,3416807,341195,1134544073819,160,183672,24,5444
165693,AC,3425028,357774,1195450114424,159,182533,22,5478
165873,AC,3414350,372463,1243262656914,160,183674,-20,5444
166063,AC,3414953,387831,1297046835357,160,183674,-18,5444
166065315, cp_H_L_D_F, 583, -1386, 8000, 10000
166243,AC,3415369,404387,1354562182847,160,183672,18,5444
166423,AC,3423973,421265,1417007432977,159,182532,16,5478
166613,AC,3412734,435450,1461739600040,160,183670,-15,5444
166793,AC,3413327,451338,1516744068764,160,183672,-14,5444
166973,AC,3421658,468864,1581273927037,159,182532,13,5478
167065315, cp_H_L_D_F, 583, -1386, 8000, 10000
167163,AC,3412166,484032,1629502981461,160,183673,12,5444
167343,AC,3412572,500053,1684991636391,160,183672,-11,5444
167523,AC,3412894,515537,1738498659840,160,183670,-10,5444
167713,AC,3420766,533242,1803746179913,159,182530,10,5478
167893,AC,3410060,548462,1850619408864,160,183672,9,5444
168073,AC,3410667,564508,1906082736378,160,183669,-9,5444
168065321, cp_H_L_D_F, 583, -1386, 8000, 10000
168263,AC,3411458,580425,1960939861413,160,183672,9,5444
168443,AC,3419604,599745,2032074684789,159,182528,9,5478
168623,AC,3408188,614222,2074974983019,160,183672,8,5444
168813,AC,3408389,659892,2139183059187,160,183670,-44,5444
168993,AC,3409150,644924,2139861939121,160,183671,24,5444
169065315, cp_H_L_D_F, 583, -1386, 8000, 10000
169173,AC,3417316,669569,2256903746755,159,182531,12,5478
169363,AC,3406567,680841,2298084336296,160,183669,9,5444
169543,AC,3406821,698103,2357271872008,160,183674,-8,5444
169723,AC,3414234,715814,2423351878086,159,182531,8,5478
169913,AC,3404391,729956,2464927990132,160,183671,8,5444
170093,AC,3404510,745762,2519380329672,160,183670,7,5444
170065315, cp_H_L_D_F, 583, -1386, 8000, 10000
170283,AC,3404808,761310,2572671242959,160,183672,-7,5444
170463,AC,3412983,779790,2642302178986,159,182532,7,5478
170643,AC,3402659,795454,2688187263786,160,183672,6,5444
170833,AC,3402568,807823,2730419861560,160,183669,6,5444
171013,AC,3402472,827393,2797197548429,160,183673,-6,5444
171065315, cp_H_L_D_F, 583, -1386, 8000, 10000
171193,AC,3410450,845708,2866597946077,159,182532,6,5478
171383,AC,3399736,859377,2904554997596,160,183669,5,5444
171563,AC,3399893,875601,2960103473147,160,183672,5,5444
171743,AC,3400336,891615,3014939962466,160,183671,5,5444
171933,AC,3408132,910369,3086280330195,159,182529,5,5478
172113,AC,3398251,925362,3128624784298,160,183671,5,5444
172065315, cp_H_L_D_F, 583, -1386, 8000, 10000
172293,AC,3398051,941882,3184712576976,160,183672,4,5444
172483,AC,3398447,957733,3239066285087,160,183670,4,5444
172663,AC,3406297,976731,3311706479712,159,182531,4,5478
172843,AC,3397098,1022141,3388748196515,160,183673,22,5444
173033,AC,3397222,983575,3315781767647,160,183670,-7,5444
173065315, cp_H_L_D_F, 583, -1386, 8000, 10000
173213,AC,3396310,1030766,3481246615726,160,183672,5,5444
173393,AC,3405072,1048194,3550115447619,159,182533,5,5478
173583,AC,3394203,1062666,3588187477677,160,183674,5,5444
173763,AC,3393965,1076984,3636579214001,160,183678,-5,5444
173943,AC,3401402,1096637,3711678197354,159,182529,4,5478
174065315, cp_H_L_D_F, 583, -1386, 8000, 10000
174133,AC,3392058,1110180,3747795119837,160,183672,4,5444
174313,AC,3392540,1126771,3804973405635,160,183671,4,5444
174493,AC,3392557,1142528,3858376759505,160,183671,-4,5444
174683,AC,3400183,1161527,3931878492501,159,182531,4,5478
174863,AC,3390069,1175958,3969495859303,160,183672,4,5444
175043,AC,3390450,1192503,4026389287771,160,183672,4,5444
175065315, cp_H_L_D_F, 583, -1386, 8000, 10000
175233,AC,3391009,1208709,4082018022761,160,183669,-4,5444
175413,AC,3399121,1227392,4155446267370,159,182531,3,5478
175593,AC,3389032,1240536,4188063879164,160,183674,3,5444
175783,AC,3388932,1256650,4242794166995,160,183674,3,5444
175963,AC,3390192,1274644,4305286973309,160,183672,3,5444
176065315, cp_H_L_D_F, 583, -1386, 8000, 10000
176143,AC,3398394,1292812,4377690613373,159,182529,3,5478
176333,AC,3388294,1306285,4410662003248,160,183672,3,5444
176513,AC,3388128,1322581,4465846412218,160,183671,3,5444
176693,AC,3387900,1340401,4525895409451,160,183669,3,5444
176883,AC,3395562,1381400,4650854848779,159,182531,8,5478
177063,AC,3385429,1367903,4610317116038,160,183670,4,5444
177065315, cp_H_L_D_F, 583, -1386, 8000, 10000
177243,AC,3385950,1386863,4681255761725,160,183671,3,5444
177433,AC,3385823,1405347,4743612022210,160,183674,3,5444
177613,AC,3394299,1425873,4825507874361,159,182533,2,5478
177793,AC,3383920,1438234,4852796799619,160,183673,2,5444
177983,AC,3384112,1456258,4914056428771,160,183668,2,5444
178065315, cp_H_L_D_F, 583, -1386, 8000, 10000
178163,AC,3392328,1475435,4991243234458,159,182533,2,5478
178343,AC,3382636,1489445,5024538405084,160,183671,2,5444
178533,AC,3382820,1505016,5077679265970,160,183669,2,5444
178713,AC,3383040,1523219,5139572593883,160,183672,-2,5444
178893,AC,3391292,1542508,5217687375350,159,182530,2,5478
179083,AC,3380636,1556379,5248458821663,160,183669,2,5444
179065315, cp_H_L_D_F, 583, -1386, 8000, 10000
179263,AC,3380756,1572186,5302170569960,160,183671,2,5444
179443,AC,3381193,1590734,5365501460076,160,183669,2,5444
179633,AC,3389365,1610109,5444340740868,159,182532,2,5478
179813,AC,3378662,1623999,5474284609137,160,183668,2,5444
179993,AC,3378328,1640041,5527950409481,160,183673,2,5444
180065315, cp_H_L_D_F, 583, -1386, 8000, 10000
180183,AC,3386100,1662017,5615143896043,159,182532,2,5478
180363,AC,3376823,1673243,5637748672107,160,183671,2,5444
180543,AC,3376439,1691123,5697577900637,160,183668,2,5444
180733,AC,3376479,1708300,5755581132877,160,183673,-2,5444
180913,AC,3384584,1730315,5843955088343,159,182532,2,5478
181093,AC,3374613,1742378,5867532663475,160,183668,2,5444
181065315, cp_H_L_D_F, 583, -1386, 8000, 10000
181283,AC,3374976,1758295,5921926777505,160,183673,2,5444
181463,AC,3375045,1776227,5982497332170,160,183669,2,5444
181643,AC,3382864,1798745,6072722931454,159,182532,2,5478
181833,AC,3371913,1812156,6098356051103,160,183673,1,5444
182013,AC,3372603,1826682,6148581333250,160,183671,-1,5444
182065315, cp_H_L_D_F, 583, -1386, 8000, 10000
182193,AC,3381262,1849861,6242843168718,159,182527,1,5478
182383,AC,3370981,1861480,6263132912617,160,183673,1,5444
182563,AC,3370731,1879440,6323297514654,160,183669,1,5444
182743,AC,3370687,1895644,6377692989188,160,183670,1,5444
182933,AC,3379413,1920694,6479123787717,159,182528,1,5478
183113,AC,3368804,1930543,6492097549086,160,183673,1,5444
183065333, cp_H_L_D_F, 583, -1386, 8000, 10000
183293,AC,3369770,1947750,6551804882002,160,183672,-1,5444
183483,AC,3377790,1969399,6640625064048,159,182528,1,5478
183663,AC,3367381,1981520,6661184854123,160,183672,1,5444
183843,AC,3368011,1999657,6723544055707,160,183671,1,5444
184033,AC,3375534,2021918,6813739558472,159,182529,1,5478
184065315, cp_H_L_D_F, 583, -1386, 8000, 10000
184213,AC,3366186,2033550,6834327931881,160,183671,1,5444
184393,AC,3365841,2050787,6891718029291,160,183669,1,5444
184583,AC,3365858,2068839,6952390362670,160,183671,1,5444
184763,AC,3374178,2092406,7049281505549,159,182529,1,5478
184943,AC,3364127,2104377,7068866906683,160,183672,1,5444
185065315, cp_H_L_D_F, 583, -1386, 8000, 10000
185133,AC,3364606,2120219,7122989414655,160,183674,1,5444
185313,AC,3372712,2144857,7223305796527,159,182530,1,5478
185493,AC,3362851,2154672,7235567721814,160,183674,1,5444
185683,AC,3362525,2174387,7301106857812,160,183669,1,5444
185863,AC,3370326,2195293,7388430502705,159,182531,1,5478
186043,AC,3360825,2209238,7414832762937,160,183674,1,5444
186065315, cp_H_L_D_F, 583, -1386, 8000, 10000
186233,AC,3360957,2226126,7471921418793,160,183674,1,5444
186413,AC,3368348,2248939,7565070812046,159,182531,1,5478
186593,AC,3359313,2259294,7579676411445,160,183673,1,5444
186783,AC,3359197,2272844,7625135585489,160,183670,1,5444
186963,AC,3359483,2272628,7624899812183,160,183680,1,5444
187065315, cp_H_L_D_F, 583, -1386, 8000, 10000
187143,AC,3368589,2271725,7642571881264,159,182530,1,5478
187333,AC,3359147,2264347,7596501736510,160,183669,1,5444
187513,AC,3359947,2264932,7600041830525,160,183671,-1,5444
187693,AC,3368263,2276763,7658857920851,159,182532,1,5478
187883,AC,3358833,2272591,7623514768093,160,183669,1,5444
188063,AC,3359272,2272902,7625476688535,160,183671,1,5444
188065315, cp_H_L_D_F, 583, -1386, 8000, 10000
188243,AC,3367842,2277417,7660131382105,159,182529,1,5478
188433,AC,3358555,2272084,7621150612855,160,183672,1,5444
188613,AC,3359286,2272540,7624274119798,160,183673,1,5444
188793,AC,3367431,2278087,7661350956822,159,182531,1,5478
188983,AC,3358919,2264701,7597095050062,160,183669,1,5444
189065315, cp_H_L_D_F, 583, -1386, 8000, 10000
189163,AC,3359424,2265305,7600272707917,160,183674,1,5444
189343,AC,3368122,2270211,7636298781056,159,182531,1,5478
189533,AC,3358766,2264583,7596408099865,160,183675,1,5444
189713,AC,3358981,2265652,7600463278435,160,183671,1,5444
189893,AC,3367415,2270276,7634954751304,159,182529,1,5478
190083,AC,3358967,2264207,7595506986064,160,183672,1,5444
190065315, cp_H_L_D_F, 583, -1386, 8150, 10000
190263,AC,3360073,2264478,7599003640076,160,183673,1,5444
190443,AC,3367377,2270544,7635769054129,159,182531,1,5478
190633,AC,3358734,2264254,7595136842067,160,183670,1,5444
190813,AC,3359490,2265239,7600253098552,160,183673,1,5444
190993,AC,3360564,2265149,7602192005311,160,183671,1,5444
191065315, cp_H_L_D_F, 583, -1386, 8000, 10000
191183,AC,3369490,2271103,7642513668705,159,182528,1,5478
191363,AC,3359065,2264960,7598323703399,160,183671,1,5444
191543,AC,3359924,2265237,7600971716997,160,183674,1,5444
191733,AC,3368994,2271402,7642426919645,159,182528,1,5478
191913,AC,3359195,2265455,7600333885601,160,183672,1,5444
192093,AC,3359892,2265242,7600968180014,160,183671,1,5444
192065315, cp_H_L_D_F, 583, -1386, 8000, 10000
192283,AC,3368921,2271646,7643104399695,159,182528,1,5478
192463,AC,3358761,2265833,7600659483766,160,183672,1,5444
192643,AC,3359617,2266103,7603252290442,160,183670,1,5444
192833,AC,3368848,2271262,7641589198434,159,182531,1,5478
193013,AC,3358221,2265952,7599781978826,160,183672,1,5444
193065315, cp_H_L_D_F, 583, -1386, 8000, 10000
193193,AC,3358842,2266621,7603245168871,160,183669,-1,5444
193383,AC,3368441,2272113,7643560427230,159,182530,1,5478
193563,AC,3358429,2267162,7604301834657,160,183672,1,5444
193743,AC,3359390,2270667,7618154470933,160,183670,-1,5444
193933,AC,3368150,2278618,7664756252939,159,182533,1,5478
194113,AC,3358097,2273082,7623552058316,160,183671,1,5444
194065315, cp_H_L_D_F, 583, -1386, 8000, 10000
194293,AC,3358705,2272309,7622025127246,160,183674,-1,5444
194483,AC,3367595,2279720,7667215327227,159,182528,1,5478
194663,AC,3358054,2272796,7622400876954,160,183671,1,5444
194843,AC,3358226,2273728,7625816759405,160,183668,1,5444
195033,AC,3367259,2279354,7665231483786,159,182532,1,5478
195065315, cp_H_L_D_F, 583, -1386, 8000, 10000
195213,AC,3357992,2274024,7626425265501,160,183672,1,5444
195393,AC,3359046,2272533,7623680918561,160,183668,1,5444
195583,AC,3367811,2278601,7663998333179,159,182530,1,5478
195763,AC,3358115,2272845,7622686527063,160,183669,1,5444
195943,AC,3358591,2273496,7625913412778,160,183673,1,5444
196065315, cp_H_L_D_F, 583, -1386, 8000, 10000
196133,AC,3367646,2278110,7661854064735,159,182533,1,5478
196313,AC,3358452,2272470,7622218422110,160,183671,1,5444
196493,AC,3359119,2272937,7625225152038,160,183668,1,5444
196683,AC,3366913,2279468,7664722637867,159,182530,1,5478
196863,AC,3357878,2273179,7623372886717,160,183675,1,5444
197043,AC,3358710,2273145,7625038299202,160,183669,1,5444
197065315, cp_H_L_D_F, 583, -1386, 8000, 10000
197223,AC,3367042,2278763,7662730106209,159,182532,1,5478
197413,AC,3357662,2272480,7620406421789,160,183672,1,5444
197593,AC,3357786,2274871,7628764073486,160,183670,1,5444
197783,AC,3359181,2273141,7625962938097,160,183670,1,5444
197963,AC,3368241,2279310,7667390455689,159,182528,1,5478
198065348, cp_H_L_D_F, 583, -1386, 8000, 10000
198143,AC,3358544,2273466,7625795378298,160,183671,1,5444
198333,AC,3359122,2273520,7627133652598,160,183669,1,5444
198513,AC,3368088,2279419,7667344955141,159,182530,1,5478
198693,AC,3358323,2271486,7618602599017,160,183669,1,5444
198883,AC,3359325,2265157,7599472227301,160,183671,1,5444
199063,AC,3368111,2274102,7649448468452,159,182533,1,5478
199065315, cp_H_L_D_F, 583, -1386, 8000, 10000
199243,AC,3358110,2273032,7623445380341,160,183673,1,5444
199433,AC,3358330,2274196,7627681524411,160,183669,1,5444
199613,AC,3366426,2279007,7662174059557,159,182530,1,5478
199793,AC,3357329,2273120,7621841895079,160,183673,1,5444
199983,AC,3357967,2273836,7625748042549,160,183669,1,5444
200065315, cp_H_L_D_F, 583, -1386, 8000, 10000
200163,AC,3358280,2269868,7612903483167,160,183671,1,5444
200343,AC,3367832,2273402,7646616267712,159,182528,1,5478
200533,AC,3358206,2266920,7603000675181,160,183671,1,5444
200713,AC,3359308,2268135,7609409577585,160,183669,-1,5444
200893,AC,3368101,2277896,7662253950106,159,182530,1,5478
201083,AC,3358239,2272764,7622790465371,160,183669,1,5444
201065315, cp_H_L_D_F, 583, -1386, 8000, 10000
201263,AC,3359492,2273149,7626783329815,160,183671,1,5444
201443,AC,3367017,2284333,7681498619408,159,182527,1,5478
201623,AC,3358171,2272383,7621237700085,160,183673,1,5444
201813,AC,3358445,2273722,7626439169716,160,183673,1,5444
201993,AC,3359385,2273930,7629130756102,160,183673,1,5444
202065315, cp_H_L_D_F, 583, -1386, 8000, 10000
202173,AC,3368705,2278827,7666749077936,159,182528,1,5478
202363,AC,3358291,2273664,7625925015709,160,183671,1,5444
202543,AC,3359129,2273235,7626286073975,160,183669,1,5444
202723,AC,3367023,2279125,7663914288167,159,182530,1,5478
202913,AC,3357831,2272872,7622112679083,160,183669,1,5444
203093,AC,3358795,2273914,7627856451631,160,183671,1,5444
203065315, cp_H_L_D_F, 583, -1386, 8000, 10000
203283,AC,3359878,2273187,7627614861910,160,183669,1,5444
203463,AC,3368347,2280460,7671451709052,159,182532,1,5478
203643,AC,3358766,2274036,7628177456720,160,183673,1,5444
203833,AC,3359427,2273867,7629037693341,160,183671,1,5444
204013,AC,3367821,2279598,7667327106989,159,182528,1,5478
204065315, cp_H_L_D_F, 583, -1386, 8000, 10000
204193,AC,3358647,2272519,7622808299115,160,183671,1,5444
204383,AC,3358901,2273315,7626049158543,160,183668,1,5444
204563,AC,3359474,2273956,7629356296831,160,183671,1,5444
204743,AC,3368415,2279725,7669114298994,159,182528,1,5478
204933,AC,3358557,2273990,7627606689156,160,183673,1,5444
205113,AC,3359124,2273704,7627819234202,160,183671,1,5444
205065365, cp_H_L_D_F, 583, -1397, 8000, 10000
205293,AC,3366884,2279874,7666192352520,159,182529,1,5478
205483,AC,3357834,2268955,7608952698697,160,183671,1,5444
205663,AC,3359136,2266340,7603220944232,160,183670,1,5444
205843,AC,3359902,2266688,7605872240325,160,183671,1,5444
206033,AC,3368150,2272904,7645551448674,159,182528,1,5478
206065315, cp_H_L_D_F, 583, -1386, 8000, 10000
206213,AC,3358207,2270822,7616149453345,160,183673,1,5444
206393,AC,3358400,2274354,7628403040320,160,183673,1,5444
206573,AC,3366576,2279182,7663091370146,159,182529,1,5478
206763,AC,3357333,2274164,7625287521978,160,183671,1,5444
206943,AC,3358034,2274885,7629357897392,160,183670,1,5444
207065315, cp_H_L_D_F, 583, -1386, 8000, 10000
207133,AC,3358842,2274499,7629779108378,160,183669,-1,5444
207313,AC,3367375,2279755,7666837726822,159,182532,1,5478
207493,AC,3357735,2274226,7626510576770,160,183668,1,5444
207683,AC,3358177,2275004,7630095288858,160,183671,1,5444
207863,AC,3359163,2274458,7630302429703,160,183672,1,5444
208043,AC,3367825,2281002,7672118305701,159,182528,1,5478
208065315, cp_H_L_D_F, 583, -1386, 8000, 10000
208233,AC,3358653,2273378,7625840295507,160,183673,1,5444
208413,AC,3359231,2273881,7628627822994,160,183669,1,5444
208593,AC,3366977,2279285,7664349752262,159,182529,1,5478
208783,AC,3357912,2273086,7622999294144,160,183668,1,5444
208963,AC,3359253,2264275,7596477158245,160,183670,1,5444
209065315, cp_H_L_D_F, 583, -1386, 8000, 10000
209143,AC,3360271,2263952,7597579017473,160,183668,1,5444
209333,AC,3368825,2268913,7633610566717,159,182528,1,5478
209513,AC,3358605,2264333,7595269315299,160,183671,1,5444
209693,AC,3359353,2264573,7597662378778,160,183668,1,5444
209883,AC,3360323,2264170,7598344717747,160,183671,-1,5444
210063,AC,3368112,2274053,7649263317762,159,182528,1,5478
210065315, cp_H_L_D_F, 583, -1386, 8000, 10000
210243,AC,3359013,2267058,7605333054193,160,183670,1,5444
210433,AC,3359430,2266910,7605789932813,160,183668,1,5444
210613,AC,3360158,2271966,7624180241089,160,183669,1,5444
210793,AC,3369009,2280037,7671598585249,159,182531,1,5478
210983,AC,3359579,2273182,7627277263732,160,183667,1,5444
211065315, cp_H_L_D_F, 583, -1386, 8000, 10000
211163,AC,3360266,2273316,7629149660072,160,183672,1,5444
211343,AC,3360958,2273703,7631806615341,160,183668,1,5444
211533,AC,3369616,2279702,7671806183233,159,182529,1,5478
211713,AC,3359877,2272688,7626262339532,160,183667,1,5444
211893,AC,3360497,2273447,7630160979557,160,183668,1,5444
212083,AC,3368025,2278252,7663264315709,159,182526,1,5478
212065351, cp_H_L_D_F, 583, -1386, 8000, 10000
212263,AC,3359027,2272455,7623420202354,160,183670,1,5444
212443,AC,3359689,2273404,7628183429193,160,183668,1,5444
212633,AC,3360916,2273685,7631838079573,160,183667,1,5444
212813,AC,3368821,2278086,7664558686553,159,182527,1,5478
212993,AC,3359739,2272199,7624258235741,160,183671,1,5444
213065315, cp_H_L_D_F, 583, -1386, 8000, 10000
213183,AC,3359841,2272684,7626052356728,160,183668,1,5444
213363,AC,3360478,2273328,7629622356729,160,183670,1,5444
213543,AC,3368733,2279053,7667556514193,159,182527,1,5478
213733,AC,3359476,2273216,7627017571630,160,183674,1,5444
213913,AC,3359973,2274454,7632308066300,160,183668,1,5444
214093,AC,3360453,2274509,7633420860965,160,183670,1,5444
214065315, cp_H_L_D_F, 583, -1386, 8000, 10000
214283,AC,3368609,2277647,7662552275740,159,182527,1,5478
214463,AC,3357693,2266595,7600843335134,160,183669,1,5444
214643,AC,3359419,2268173,7609957144687,160,183669,1,5444
214833,AC,3360293,2272765,7627140515655,160,183668,1,5444
215013,AC,3369234,2279025,7668632655308,159,182528,1,5478
215065315, cp_H_L_D_F, 583, -1386, 8000, 10000
215193,AC,3359359,2273779,7628693690881,160,183670,1,5444
215383,AC,3359749,2274569,7632128705255,160,183668,1,5444
215563,AC,3360641,2274316,7633261782469,160,183670,1,5444
215743,AC,3369091,2279321,7669337133562,159,182527,1,5478
215933,AC,3359675,2273362,7628011463068,160,183668,1,5444
216113,AC,3360618,2273359,7630137829848,160,183668,1,5444
216065315, cp_H_L_D_F, 583, -1386, 8000, 10000
216293,AC,3361340,2273964,7633559800212,160,183672,1,5444
216483,AC,3369877,2279411,7671412668714,159,182530,1,5478
216663,AC,3359367,2274180,7630141758938,160,183668,1,5444
216843,AC,3360309,2273505,7629867546678,160,183672,1,5444
217033,AC,3368185,2279005,7666130727317,159,182528,1,5478
217065315, cp_H_L_D_F, 583, -1386, 8100, 10000
217213,AC,3358826,2273132,7625163682378,160,183672,1,5444
217393,AC,3359933,2273395,7628743401306,160,183668,1,5444
217583,AC,3360507,2274597,7633953139580,160,183672,1,5444
217763,AC,3368762,2279638,7669662120386,159,182528,1,5478
217943,AC,3359245,2272962,7625695266771,160,183672,1,5444
218065315, cp_H_L_D_F, 583, -1386, 8000, 10000
218133,AC,3359863,2273536,7628975459297,160,183670,1,5444
218313,AC,3360578,2273502,7630393309740,160,183669,-1,5444
218493,AC,3368559,2279385,7668295405425,159,182527,1,5478
218683,AC,3359179,2273085,7625988632589,160,183672,1,5444
218863,AC,3360017,2274117,7631337465926,160,183672,1,5444
219053,AC,3360559,2274209,7632638707171,160,183668,1,5444
219065324, cp_H_L_D_F, 583, -1386, 8000, 10000
219233,AC,3369214,2279491,7670222780784,159,182531,1,5478
219413,AC,3359417,2274015,7629561646224,160,183675,1,5444
219593,AC,3360132,2273767,7630438209087,160,183668,1,5444
219783,AC,3361193,2274312,7634460544308,160,183672,1,5444
219963,AC,3369817,2280160,7673778900657,159,182531,1,5478
220065315, cp_H_L_D_F, 583, -1386, 8000, 10000
220143,AC,3360130,2273070,7628088866602,160,183668,1,5444
220333,AC,3361053,2273436,7631300094502,160,183668,1,5444
220513,AC,3369150,2278726,7667442907135,159,182529,1,5478
220693,AC,3359957,2273558,7629314787291,160,183669,1,5444
220883,AC,3360351,2273154,7628784687204,160,183672,1,5444
221063,AC,3360663,2274172,7632805130562,160,183673,-1,5444
221065315, cp_H_L_D_F, 583, -1386, 8000, 10000
221243,AC,3369375,2279023,7668994692671,159,182527,1,5478
221433,AC,3359743,2272670,7625774703002,160,183673,1,5444
221613,AC,3360335,2273654,7630485864082,160,183673,1,5444
221803,AC,3360896,2273442,7630873227233,160,183669,1,5444
221983,AC,3369284,2279749,7671129272852,159,182530,1,5478
222065315, cp_H_L_D_F, 583, -1386, 8000, 10000
222163,AC,3359507,2273650,7628617620932,160,183668,1,5444
222353,AC,3359878,2274035,7630787449057,160,183671,1,5444
222533,AC,3367376,2279701,7666648713438,159,182527,1,5478
222713,AC,3358703,2273765,7627073965996,160,183671,1,5444
222903,AC,3359719,2273611,7628923862089,160,183668,1,5444
223083,AC,3360530,2273881,7631563890094,160,183672,1,5444
223065315, cp_H_L_D_F, 583, -1386, 8000, 10000
223263,AC,3368695,2278420,7665411469228,159,182528,1,5478
223453,AC,3358926,2274176,7629047162744,160,183672,1,5444
223633,AC,3359228,2274330,7630269488642,160,183668,1,5444
223813,AC,3359796,2274698,7632615610130,160,183672,1,5444
224003,AC,3369180,2279357,7669482630470,159,182527,1,5478
224065315, cp_H_L_D_F, 583, -1386, 8000, 10000
224183,AC,3359658,2273093,7627037165369,160,183672,1,5444
224363,AC,3359646,2273497,7628467258654,160,183669,1,5444
224553,AC,3360284,2275085,7634972256678,160,183670,1,5444
224733,AC,3369297,2279804,7671506742017,159,182528,1,5478
224913,AC,3359905,2268782,7613103923112,160,183670,1,5444
225103,AC,3360973,2266618,7608224256868,160,183669,1,5444
225065315, cp_H_L_D_F, 583, -1386, 8000, 10000
225283,AC,3368576,2271650,7642267547313,159,182532,1,5478
225463,AC,3359531,2265750,7602012917204,160,183673,1,5444
225653,AC,3360076,2271777,7623564509688,160,183668,1,5444
225833,AC,3360972,2274532,7634722976173,160,183672,-1,5444
226013,AC,3369044,2279275,7669013652220,159,182533,1,5478
226065335, cp_H_L_D_F, 583, -1386, 8000, 10000
226203,AC,3359478,2273301,7627288856372,160,183671,1,5444
226383,AC,3359909,2273530,7629037183149,160,183668,1,5444
226563,AC,3360553,2274936,7635060686410,160,183668,1,5444
226753,AC,3368935,2279950,7671081512883,159,182530,1,5478
226933,AC,3359222,2274285,7630151784529,160,183668,1,5444
227113,AC,3359812,2273954,7630231684571,160,183668,1,5444
227065315, cp_H_L_D_F, 583, -1386, 8000, 10000
227303,AC,3360273,2273406,7629205268027,160,183672,1,5444
227483,AC,3368876,2280374,7672459867258,159,182530,1,5478
227663,AC,3359315,2274415,7630754252139,160,183668,1,5444
227853,AC,3359565,2275332,7634314444697,160,183673,1,5444
228033,AC,3360456,2274647,7633895385419,160,183668,1,5444
228065315, cp_H_L_D_F, 583, -1386, 8000, 10000
228213,AC,3369620,2280625,7674904877786,159,182532,1,5478
228403,AC,3359852,2273998,7630537504030,160,183668,1,5444
228583,AC,3360055,2273688,7629913290967,160,183671,1,5444
228763,AC,3367309,2279979,7667469134899,159,182532,1,5478
228953,AC,3358427,2273092,7624205368440,160,183669,1,5444
229065315, cp_H_L_D_F, 583, -1386, 8000, 10000
229133,AC,3359091,2274214,7629609937590,160,183671,1,5444
229313,AC,3360124,2273790,7630322981914,160,183673,1,5444
229503,AC,3368325,2280058,7670038599922,159,182529,1,5478
229683,AC,3359137,2273888,7628401754364,160,183671,1,5444
229863,AC,3359396,2275017,7632897830001,160,183669,1,5444
230053,AC,3360185,2273904,7630876273702,160,183670,1,5444
230065315, cp_H_L_D_F, 583, -1386, 8000, 10000
230233,AC,3368174,2279819,7668884046678,159,182532,1,5478
230413,AC,3358584,2273889,7627238271800,160,183668,1,5444
230603,AC,3359163,2275477,7633874143763,160,183673,1,5444
230783,AC,3359959,2274879,7633639773590,160,183669,1,5444
230963,AC,3367467,2280099,7668208049857,159,182529,1,5478
231065315, cp_H_L_D_F, 583, -1386, 8000, 10000
231153,AC,3358533,2273904,7627157272311,160,183669,1,5444
231333,AC,3358592,2274929,7630803140246,160,183673,1,5444
231513,AC,3359032,2275375,7633242240802,160,183674,1,5444
231703,AC,3366902,2279892,7666237408859,159,182531,1,5478
231883,AC,3358744,2265381,7598966395630,160,183669,1,5444
232063,AC,3359919,2266791,7606525034446,160,183670,1,5444
232065315, cp_H_L_D_F, 583, -1386, 8000, 10000
232253,AC,3359953,2267625,7609210874672,160,183669,1,5444
232433,AC,3360182,2268100,7611283652333,160,183673,1,5444
232613,AC,3368978,2274188,7651805935401,159,182529,1,5478
232803,AC,3359098,2268037,7608796812233,160,183670,1,5444
232983,AC,3359725,2268265,7610926974836,160,183672,1,5444
233065346, cp_H_L_D_F, 583, -1386, 8000, 10000
233163,AC,3360556,2267837,7611279743222,160,183673,1,5444
233353,AC,3369067,2273537,7649679723290,159,182528,1,5478
233533,AC,3359474,2267660,7608428276968,160,183671,1,5444
233713,AC,3360265,2267714,7610273197254,160,183669,1,5444
233903,AC,3360774,2267919,7612008576649,160,183672,1,5444
234083,AC,3369382,2273538,7650467956444,159,182529,1,5478
234065315, cp_H_L_D_F, 583, -1386, 8000, 10000
234263,AC,3359453,2273198,7626995520283,160,183669,1,5444
234453,AC,3359715,2274627,7632309764483,160,183673,1,5444
234633,AC,3360731,2274682,7634620080650,160,183673,1,5444
234813,AC,3369000,2279949,7671259010126,159,182528,1,5478
235003,AC,3359180,2273851,7628558026353,160,183673,1,5444
235065315, cp_H_L_D_F, 583, -1386, 8000, 10000
235183,AC,3359891,2274787,7633283960467,160,183671,1,5444
235373,AC,3361039,2274847,7635885247047,160,183670,1,5444
235553,AC,3369332,2279418,7670144781250,159,182531,1,5478
235733,AC,3359284,2273523,7627630780248,160,183671,1,5444
235923,AC,3359764,2273998,7630301669838,160,183668,1,5444
236103,AC,3360796,2273963,7632343313579,160,183671,1,5444
236065315, cp_H_L_D_F, 583, -1386, 8000, 10000
236283,AC,3368971,2280505,7673019289171,159,182528,1,5478
236473,AC,3359265,2274232,7629952460432,160,183669,1,5444
236653,AC,3359945,2267183,7607762460872,160,183671,1,5444
236833,AC,3360373,2266956,7607891280308,160,183673,-1,5444
237023,AC,3368229,2279833,7669106358549,159,182527,1,5478
237065315, cp_H_L_D_F, 583, -1386, 8000, 10000
237203,AC,3358933,2273822,7627823736612,160,183671,1,5444
237383,AC,3359752,2274129,7630666195475,160,183669,1,5444
237573,AC,3360370,2274511,7633232826849,160,183670,1,5444
237753,AC,3368496,2280646,7672414762832,159,182528,1,5478
237933,AC,3359564,2274195,7630570786291,160,183672,1,5444
238123,AC,3359792,2274335,7631538798731,160,183669,1,5444
238066164, cp_H_L_D_F, 583, -1386, 8000, 10000
238303,AC,3360508,2273827,7631306018743,160,183671,1,5444
238483,AC,3368391,2279879,7669563938246,159,182528,1,5478
238673,AC,3358851,2274160,7628810740975,160,183672,1,5444
238853,AC,3359633,2274855,7632914323936,160,183672,1,5444
239033,AC,3360408,2274603,7633658223055,160,183668,1,5444
239065315, cp_H_L_D_F, 583, -1386, 8000, 10000
239223,AC,3368707,2280467,7672324627136,159,182531,1,5478
239403,AC,3359102,2274259,7629742133636,160,183668,1,5444
239583,AC,3359574,2274629,7632046019746,160,183672,1,5444
239773,AC,3360633,2274571,7634005017671,160,183668,1,5444
239953,AC,3369613,2279747,7671934127739,159,182531,1,5478
240065356, cp_H_L_D_F, 583, -1386, 8100, 10526
240133,AC,3359817,2274074,7630728300555,160,183668,1,5444
240323,AC,3360268,2273580,7630058997955,160,183670,1,5444
240503,AC,3368281,2279177,7666962113739,159,182528,1,5478
240683,AC,3359638,2273663,7628805176279,160,183670,1,5444
240873,AC,3360241,2273929,7631202450158,160,183670,1,5444
241053,AC,3360628,2274478,7633760559026,160,183668,1,5444
241065315, cp_H_L_D_F, 583, -1386, 8000, 10000
241233,AC,3368670,2279027,7667326662027,159,182529,1,5478
241423,AC,3360013,2272665,7626349690153,160,183668,1,5444
241603,AC,3360251,2274151,7631974166730,160,183667,1,5444
241783,AC,3360854,2273509,7630959127354,160,183673,1,5444
241973,AC,3369986,2279595,7672305846685,159,182532,1,5478
242065315, cp_H_L_D_F, 583, -1386, 8000, 10000
242153,AC,3360242,2273389,7629400350296,160,183668,1,5444
242333,AC,3360952,2273447,7631088584449,160,183672,1,5444
242523,AC,3368868,2278473,7665884458926,159,182531,1,5478
242703,AC,3360030,2270450,7618877032573,160,183669,1,5444
242883,AC,3360764,2265825,7605026484089,160,183670,1,5444
243073,AC,3361453,2266287,7608046864031,160,118132,1,8465
243065315, cp_H_L_D_F, 583, -1386, 8000, 10000
243253,AC,3370591,2271769,7647238044860,159,248063,1,4031
243433,AC,3361190,2265405,7604722684203,160,183670,1,5444
243623,AC,3361468,2266271,7608084782995,160,183668,1,5444
243803,AC,3369635,2271582,7644383540745,159,182528,1,5478
243983,AC,3360187,2270656,7620069068589,160,183670,1,5444
244065315, cp_H_L_D_F, 583, -1386, 8000, 10000
244173,AC,3360693,2267342,7610021271803,160,183668,1,5444
244353,AC,3368620,2271374,7641365989266,159,182531,1,5478
244533,AC,3359846,2265530,7601934752584,160,183669,1,5444
244723,AC,3360419,2267054,7608508681084,160,183672,1,5444
244903,AC,3361453,2266691,7609357924143,160,183671,1,5444
245083,AC,3370314,2272238,7648209451524,159,182528,1,5478
245065315, cp_H_L_D_F, 583, -1386, 8000, 10000
245273,AC,3360116,2266614,7606288605703,160,183668,1,5444
245453,AC,3360987,2266160,7606620575317,160,183672,1,5444
245633,AC,3369519,2272584,7647570045520,159,182530,1,5478
245823,AC,3360279,2266033,7604723650751,160,183668,1,5444
246003,AC,3360637,2273038,7628996651938,160,183668,1,5444
246065315, cp_H_L_D_F, 583, -1386, 8000, 10000
246183,AC,3369428,2279171,7669566650324,159,182529,1,5478
246373,AC,3359977,2272786,7626754714325,160,183668,1,5444
246553,AC,3360007,2274164,7631426411322,160,183673,1,5444
246733,AC,3369415,2279107,7669265585294,159,182527,1,5478
246923,AC,3361629,2271509,7626210995596,160,183672,1,5444
247103,AC,3362012,2272503,7630354631574,160,183669,1,5444
247065338, cp_H_L_D_F, 583, -1386, 8000, 10000
247283,AC,3370370,2277032,7664539841336,159,182530,1,5478
247473,AC,3361524,2271027,7624316349804,160,183673,1,5444
247653,AC,3361892,2272202,7629114362010,160,183669,1,5444
247833,AC,3370379,2277399,7665710271084,159,182530,1,5478
248023,AC,3361801,2278700,7650736483241,160,183668,1,5444
248065315, cp_H_L_D_F, 583, -1386, 8000, 10000
248203,AC,3362656,2279299,7654699250966,160,183673,1,5444
248383,AC,3370825,2283743,7688130617458,159,182528,1,5478
248573,AC,3362019,2277444,7647008199857,160,183670,1,5444
248753,AC,3362238,2278924,7652580053253,160,183668,1,5444
248933,AC,3363335,2278878,7654576741369,160,183670,1,5444
249123,AC,3372579,2284320,7694195596695,159,182527,1,5478
249066107, cp_H_L_D_F, 583, -1386, 8000, 10000
249303,AC,3362407,2278724,7652263967158,160,183668,1,5444
249483,AC,3363253,2273659,7636871933318,160,183672,1,5444
249673,AC,3372228,2283329,7690029704068,159,182527,1,5478
249853,AC,3361917,2278238,7649463893591,160,183672,1,5444
250033,AC,3362741,2271798,7629523710317,160,183668,1,5444
250065315, cp_H_L_D_F, 583, -1397, 8000, 10000
250223,AC,3372043,2278031,7671698356187,159,182531,1,5478
250403,AC,3362085,2277314,7646785878839,160,183669,1,5444
250583,AC,3363245,2278374,7652839894696,160,183672,1,5444
250773,AC,3371859,2285217,7695498307839,159,182529,1,5478
250953,AC,3362111,2271703,7627949732954,160,183669,1,5444
251065315, cp_H_L_D_F, 583, -1386, 8000, 10000
251133,AC,3362928,2271181,7627848883222,160,183668,1,5444
251323,AC,3371852,2277714,7670216841613,159,182529,1,5478
251503,AC,3361615,2272431,7629258622814,160,183669,1,5444
251683,AC,3362270,2272645,7631273370353,160,183670,-1,5444
251873,AC,3371317,2279084,7673623855170,159,182527,1,5478
252053,AC,3361334,2275900,7640303672599,160,183669,1,5444
252065315, cp_H_L_D_F, 583, -1386, 8000, 10000
252233,AC,3362015,2271969,7628472902731,160,183670,-1,5444
252413,AC,3371441,2278610,7672305865193,159,182529,1,5478
252603,AC,3361881,2271469,7626672006634,160,183672,1,5444
252783,AC,3362515,2272484,7631309794259,160,183671,-1,5444
252963,AC,3371841,2278190,7671747005490,159,182528,1,5478
253065315, cp_H_L_D_F, 583, -1386, 8000, 10000
253153,AC,3361713,2272509,7629763835203,160,183672,1,5444
253333,AC,3362613,2272691,7632231245403,160,183669,-1,5444
253513,AC,3371548,2278067,7670677032412,159,182529,1,5478
253703,AC,3361508,2272709,7629976973433,160,183668,1,5444
253883,AC,3362306,2272597,7631188309359,160,183668,1,5444
254063,AC,3371178,2278278,7670528511904,159,182531,1,5478
254065325, cp_H_L_D_F, 583, -1386, 8000, 10000
254253,AC,3361499,2271723,7626708709614,160,183673,1,5444
254433,AC,3362000,2272888,7631532369557,160,183668,1,5444
254613,AC,3370698,2278062,7668671499385,159,182530,1,5478
254803,AC,3360604,2272453,7627048953503,160,183668,1,5444
254983,AC,3361222,2273770,7632763111667,160,183668,1,5444
255065315, cp_H_L_D_F, 583, -1386, 8000, 10000
255163,AC,3370186,2279203,7671396724325,159,182530,1,5478
255353,AC,3360608,2271823,7624941142096,160,183668,1,5444
255533,AC,3360865,2273523,7631161157026,160,183671,1,5444
255713,AC,3369211,2278164,7665638443317,159,182527,1,5478
255903,AC,3360065,2272828,7627112576905,160,183672,1,5444
256083,AC,3360384,2273873,7631294876141,160,183668,1,5444
256065315, cp_H_L_D_F, 583, -1386, 8000, 10000
256263,AC,3368876,2278070,7664579490008,159,182529,1,5478
256453,AC,3359804,2272854,7626567208061,160,183668,1,5444
256633,AC,3359931,2274274,7631633588570,160,183669,1,5444
256813,AC,3360704,2273788,7631577983345,160,183670,1,5444
257003,AC,3369776,2280750,7675757770450,159,182528,1,5478
257065315, cp_H_L_D_F, 583, -1386, 8000, 10000
257183,AC,3360027,2274690,7633299889946,160,183672,1,5444
257363,AC,3360680,2272969,7628849099511,160,183669,-1,5444
257553,AC,3369334,2279734,7671215042170,159,182530,1,5478
257733,AC,3359854,2274801,7633241924930,160,183668,1,5444
257913,AC,3360397,2273572,7630322738496,160,183672,1,5444
258103,AC,3368776,2278998,7667474559132,159,182528,1,5478
258065315, cp_H_L_D_F, 583, -1386, 8000, 10000
258283,AC,3359439,2273090,7626529526494,160,183672,1,5444
258463,AC,3359766,2275014,7633797414274,160,183667,1,5444
258653,AC,3360870,2274664,7634904905318,160,183670,1,5444
258833,AC,3369529,2281138,7676483796186,159,182528,1,5478
259013,AC,3359253,2274700,7631614857916,160,183672,1,5444
259065315, cp_H_L_D_F, 583, -1386, 8000, 10000
259203,AC,3360291,2274622,7633527959114,160,183668,-1,5444
259383,AC,3368733,2280677,7673050814499,159,182531,1,5478
259563,AC,3359174,2274106,7629416131440,160,183667,1,5444
259753,AC,3359945,2274347,7631875852676,160,183668,1,5444
259933,AC,3368129,2279648,7668180225389,159,182530,1,5478
260113,AC,3359715,2273281,7627753464366,160,183668,1,5444
260065315, cp_H_L_D_F, 583, -1386, 8000, 10000
260303,AC,3360135,2273367,7629074136978,160,183667,1,5444
260483,AC,3360925,2274343,7634001253366,160,183671,-1,5444
260663,AC,3369926,2278875,7669662988378,159,182527,1,5478
260853,AC,3360302,2273282,7629159399735,160,183667,1,5444
261033,AC,3360792,2274413,7634086029098,160,183671,1,5444
261065315, cp_H_L_D_F, 583, -1386, 8000, 10000
261213,AC,3368887,2278404,7665714082093,159,182527,1,5478
261403,AC,3360294,2272757,7627295951488,160,183671,1,5444
261583,AC,3360802,2274033,7632811477787,160,183668,1,5444
261763,AC,3361341,2274080,7634091075459,160,183667,-1,5444
261953,AC,3369521,2280076,7672843793511,159,182526,1,5478
262065315, cp_H_L_D_F, 583, -1386, 8000, 10000
262133,AC,3360378,2273810,7631073062335,160,183669,1,5444
262313,AC,3361412,2273776,7633308029701,160,183667,1,5444
262503,AC,3361830,2273295,7632490866592,160,183668,1,5444
262683,AC,3370255,2280308,7675337573795,159,182526,1,5478
262863,AC,3360234,2273997,7631456414987,160,183672,1,5444
263053,AC,3360990,2274005,7633058264076,160,183667,1,5444
263065315, cp_H_L_D_F, 583, -1386, 8000, 10000
263233,AC,3369449,2278956,7668858330069,159,182527,1,5478
263413,AC,3360248,2273436,7629485394467,160,183671,1,5444
263603,AC,3360626,2274062,7632545904504,160,183668,1,5444
263783,AC,3361178,2274422,7634795209765,160,183671,1,5444
263963,AC,3369834,2279985,7673248539396,159,182527,1,5478
264065315, cp_H_L_D_F, 583, -1386, 8000, 10000
264153,AC,3360257,2273097,7628354248971,160,183668,1,5444
264333,AC,3360952,2273355,7630852871534,160,183670,1,5444
264523,AC,3361695,2273799,7633853687513,160,183667,1,5444
264703,AC,3370575,2279792,7674373322846,159,182527,1,5478
264883,AC,3360463,2274010,7631979706572,160,183672,1,5444
265073,AC,3361215,2273908,7633174676231,160,183668,1,5444
265065315, cp_H_L_D_F, 583, -1386, 8000, 10000
265253,AC,3369526,2279059,7669449941597,159,182530,1,5478
265433,AC,3360113,2272956,7627657929530,160,183668,1,5444
265623,AC,3361082,2273988,7633282546763,160,183667,1,5444
265803,AC,3362033,2275010,7638670443279,160,183667,1,5444
265983,AC,3370734,2281939,7681898366800,159,182531,1,5478
266065315, cp_H_L_D_F, 583, -1386, 8000, 10000
266163,AC,3361275,2270117,7620767989655,160,183667,1,5444
266353,AC,3361144,2279807,7652986705453,160,183667,1,5444
266533,AC,3368898,2284773,7687252892708,159,182531,1,5478
266713,AC,3360800,2268984,7615760255958,160,183668,1,5444
266903,AC,3361359,2271072,7624184656770,160,183672,1,5444
267083,AC,3361996,2272517,7630330724881,160,183667,1,5444
267065331, cp_H_L_D_F, 583, -1386, 8300, 10000
267263,AC,3369994,2276729,7662561945262,159,182531,1,5478
267453,AC,3360375,2271298,7622596117072,160,183668,1,5444
267633,AC,3361401,2271216,7624678670726,160,183672,1,5444
267823,AC,3361965,2271193,7625692832279,160,183667,1,5444
268003,AC,3370422,2276859,7664024977449,159,182530,1,5478
268065315, cp_H_L_D_F, 583, -1386, 8000, 10000
268183,AC,3361071,2270820,7622559313938,160,183668,1,5444
268373,AC,3361747,2271498,7626464414178,160,183667,1,5444
268553,AC,3362470,2271157,7626660628986,160,183672,1,5444
268733,AC,3371513,2277727,7669483905723,159,182528,1,5478
268923,AC,3361381,2272124,7627742110640,160,183671,1,5444
269103,AC,3362030,2271113,7625678514066,160,183668,1,5444
269065315, cp_H_L_D_F, 583, -1386, 8000, 10000
269283,AC,3370625,2285288,7693022478043,159,182527,1,5478
269473,AC,3361364,2279652,7653019521633,160,183672,1,5444
269653,AC,3361659,2280099,7655160990456,160,183672,1,5444
269833,AC,3362039,2280920,7658680841895,160,183668,1,5444
270023,AC,3370930,2277555,7667486970480,159,182529,1,5478
270065315, cp_H_L_D_F, 583, -1386, 8000, 10000
270203,AC,3361400,2271252,7624850102269,160,183668,1,5444
270383,AC,3362042,2272488,7630295087617,160,183668,1,5444
270573,AC,3369140,2286352,7693095524916,159,182531,1,5478
270753,AC,3360227,2279437,7649539177363,160,183668,1,5444
270933,AC,3360503,2281063,7655809707825,160,183668,1,5444
271123,AC,3361323,2279728,7652969777864,160,183670,1,5444
271066164, cp_H_L_D_F, 583, -1386, 8000, 10000
271303,AC,3370089,2275915,7660090689038,159,182527,1,5478
271483,AC,3360216,2271330,7622376737513,160,183667,1,5444
271673,AC,3360812,2272317,7627016954500,160,183670,1,5444
271853,AC,3361656,2272386,7629052881247,160,183669,1,5444
272033,AC,3370566,2278241,7669000899083,159,182526,1,5478
272065315, cp_H_L_D_F, 583, -1386, 8000, 10000
272223,AC,3361119,2272031,7626848610483,160,183672,1,5444
272403,AC,3361256,2281648,7659424823922,160,183668,1,5444
272583,AC,3373112,2231836,7344006348788,159,182528,22,5478
272773,AC,3426286,53283,10129452803,160,183668,-850,5444
272953,AC,3426534,3742,5850031716,160,183668,-489,5444
273065315, cp_H_L_D_F, 1221, 1210, 0, 0
273133,AC,3426546,3518,5688973627,160,183673,-476,5444
273323,AC,3424260,3291,5356853660,159,182527,-472,5478
273503,AC,3410236,3237,5578992282,160,183672,-445,5444
273683,AC,3414151,3318,5935047145,160,183668,-429,5444
273873,AC,3426478,3181,5820955389,160,183671,-419,5444
274053,AC,3436372,3138,5818394872,159,182527,-414,5478
274065315, cp_H_L_D_F, 1221, 1210, 0, 0
274233,AC,3426002,3199,6111308772,160,183672,-398,5444
274423,AC,3426135,3054,5782898755,160,183676,-403,5444
274603,AC,3427189,3049,5796886220,160,183670,-401,5444
274783,AC,3436091,3136,6103717037,159,182527,-390,5478
274973,AC,3426014,3102,6029391441,160,183668,-389,5444
275065315, cp_H_L_D_F, 1221, 1210, 0, 0
275153,AC,3426550,2979,5787701259,160,183672,-390,5444
275333,AC,3435138,2965,5747546761,159,182526,-392,5478
275523,AC,3425766,3081,6101749063,160,183673,-379,5444
275703,AC,3426131,3037,5910975470,160,183667,-388,5444
275883,AC,3426358,2973,5789073244,160,183672,-388,5444
276073,AC,3435432,2965,5797008598,159,182528,-387,5478
276065315, cp_H_L_D_F, 1221, 1210, 0, 0
276253,AC,3425911,3005,5871556141,160,183669,-387,5444
276433,AC,3426534,2991,5808934371,160,183668,-390,5444
276623,AC,3427216,2954,5697192020,160,183668,-394,5444
276803,AC,3435399,2990,5835729050,159,182532,-388,5478
276983,AC,3425939,3056,6033766069,160,183668,-381,5444
277065315, cp_H_L_D_F, 1221, 1210, 0, 0
277173,AC,3426724,2976,5852413927,160,183672,-384,5444
277353,AC,3435034,2997,5878971055,159,182530,-386,5478
277533,AC,3425842,3030,5957205848,160,183669,-384,5444
277723,AC,3425887,3025,5971371161,160,183670,-381,5444
277903,AC,3426972,2922,5635774709,160,183669,-394,5444
278083,AC,3436019,2976,5760085457,159,182527,-393,5478
278065315, cp_H_L_D_F, 1221, 1210, 0, 0
278273,AC,3426284,3034,5944642387,160,183677,-386,5444
278453,AC,3426719,2975,5771903121,160,183668,-390,5444
278633,AC,3426790,2914,5636341721,160,183669,-392,5444
278823,AC,3435594,3025,5932954138,159,182531,-387,5478
279003,AC,3425479,3064,6124211571,160,183672,-375,5444
279065315, cp_H_L_D_F, 1221, 1210, 0, 0
279183,AC,3425941,2953,5697454625,160,183668,-393,5444
279373,AC,3433982,3061,5974522590,159,182532,-388,5478
279553,AC,3424668,3023,5905559867,160,183668,-387,5444
279733,AC,3425450,3000,5886868819,160,183670,-385,5444
279923,AC,3425983,2879,5525617219,160,183668,-396,5444
280103,AC,3434763,2969,5723196013,159,182530,-395,5478
280065315, cp_H_L_D_F, 1221, 1210, 0, 0
280283,AC,3424603,3009,5952979547,160,183668,-380,5444
280473,AC,3425501,2918,5658570641,160,183668,-390,5444
280653,AC,3426805,2898,5530448826,160,183672,-399,5444
280833,AC,3435381,2931,5621615056,159,182527,-397,5478
281023,AC,3425100,2909,5621184174,160,183672,-392,5444
281065315, cp_H_L_D_F, 1221, 1210, 0, 0
281203,AC,3425648,2874,5478167278,160,183668,-399,5444
281383,AC,3434289,2886,5501751016,159,182532,-400,5478
281573,AC,3425120,2943,5709744874,160,183672,-390,5444
281753,AC,3425165,2916,5619276084,160,183668,-394,5444
281933,AC,3426241,2847,5396402623,160,183671,-402,5444
282123,AC,3434723,2921,5622479287,159,182527,-396,5478
282066091, cp_H_L_D_F, 1221, 1210, 0, 0
282303,AC,3422726,2928,5583763957,160,183668,-398,5444
282483,AC,3424111,2904,5627065072,160,183671,-391,5444
282673,AC,3424993,2868,5443945285,160,183668,-401,5444
282853,AC,3433688,2943,5746205069,159,182531,-388,5478
283033,AC,3423530,2930,5700294715,160,183667,-388,5444
283065315, cp_H_L_D_F, 1221, 1210, 0, 0
283223,AC,3424604,2846,5483654048,160,183667,-394,5444
283403,AC,3432538,2898,5600253218,159,182531,-394,5478
283583,AC,3423134,2956,5740593180,160,183667,-389,5444
283773,AC,3423352,2932,5636316998,160,183668,-395,5444
283953,AC,3424324,2852,5410092612,160,183672,-402,5444
284065315, cp_H_L_D_F, 1221, 1210, 0, 0
284133,AC,3433429,2924,5660921817,159,182531,-393,5478
284323,AC,3423611,2973,5802989126,160,183667,-387,5444
284503,AC,3423949,2913,5630827798,160,183673,-392,5444
284683,AC,3424672,2876,5487825202,160,183668,-398,5444
284873,AC,3433359,2951,5713797605,159,182531,-393,5478
285053,AC,3423533,2926,5672752495,160,183668,-390,5444
285065315, cp_H_L_D_F, 1221, 1210, 0, 0
285233,AC,3424131,2882,5510723021,160,183672,-397,5444
285423,AC,3425029,2889,5540973295,160,183668,-396,5444
285603,AC,3433870,2929,5696179911,159,182529,-390,5478
285783,AC,3423699,2953,5762340620,160,183668,-387,5444
285973,AC,3424535,2880,5483617999,160,183668,-400,5444
286065315, cp_H_L_D_F, 1221, 1210, 0, 0
286153,AC,3432477,2891,5572146406,159,182529,-395,5478
286333,AC,3423234,2942,5757706268,160,183667,-386,5444
286523,AC,3423621,2950,5791177768,160,183667,-384,5444
286703,AC,3424595,2867,5457439556,160,183668,-400,5444
286883,AC,3432954,2947,5649635730,159,182531,-397,5478
287073,AC,3423478,2960,5745092140,160,183668,-390,5444
287065348, cp_H_L_D_F, 1221, 1210, 0, 0
287253,AC,3423933,2960,5750518768,160,183671,-389,5444
287443,AC,3424549,2874,5525914775,160,183668,-395,5444
287623,AC,3433499,2950,5723160599,159,182527,-391,5478
287803,AC,3423164,2950,5776033733,160,183669,-386,5444
287993,AC,3423780,2910,5624463224,160,183667,-392,5444
288065315, cp_H_L_D_F, 1221, 1210, 0, 0
288173,AC,3424224,2854,5456601318,160,183668,-397,5444
288353,AC,3432952,2942,5701007486,159,182527,-392,5478
288543,AC,3423389,2947,5714425911,160,183673,-390,5444
288723,AC,3423450,2945,5687415296,160,183672,-392,5444
288903,AC,3424539,2872,5540148562,160,183669,-393,5444
289083,AC,3432671,2920,5570560639,159,182529,-400,5478
289065315, cp_H_L_D_F, 1221, 1210, 0, 0
289273,AC,3423575,2983,5814957018,160,183669,-387,5444
289453,AC,3424000,2941,5667248156,160,183670,-394,5444
289643,AC,3424558,2876,5569636905,160,183668,-391,5444
289823,AC,3432716,2907,5616805180,159,182530,-394,5478
290003,AC,3423662,2954,5759160811,160,183669,-387,5444
290065315, cp_H_L_D_F, 1221, 1210, 0, 0
290193,AC,3424220,2924,5693170140,160,183673,-388,5444
290373,AC,3424430,2878,5575037008,160,183668,-391,5444
290553,AC,3432271,2917,5612463715,159,182532,-396,5478
290743,AC,3423051,2962,5754243108,160,183671,-389,5444
290923,AC,3424135,3001,5837593028,160,183669,-388,5444
291103,AC,3424942,2930,5650087307,160,183671,-393,5444
291065315, cp_H_L_D_F, 1221, 1210, 0, 0
291293,AC,3425387,2901,5571637179,160,183676,-396,5444
291473,AC,3433671,2994,5851220632,159,182530,-387,5478
291653,AC,3423275,2961,5725533087,160,183668,-392,5444
291843,AC,3424329,2899,5622766800,160,183668,-390,5444
292023,AC,3425417,2886,5543734157,160,183671,-396,5444
292065315, cp_H_L_D_F, 1221, 1210, 0, 0
292203,AC,3433769,2938,5703219280,159,182527,-391,5478
292393,AC,3423578,2953,5750382950,160,183672,-388,5444
292573,AC,3424256,2917,5619945890,160,183669,-394,5444
292753,AC,3424748,2884,5547525798,160,183673,-395,5444
292943,AC,3432978,2924,5675208720,159,182531,-391,5478
293123,AC,3423167,2999,5874733090,160,183673,-385,5444
293066147, cp_H_L_D_F, 1221, 1210, 0, 0
293303,AC,3423405,2957,5769241885,160,183668,-387,5444
293493,AC,3423668,2854,5435713031,160,183672,-399,5444
293673,AC,3431987,2903,5599448651,159,182527,-394,5478
293853,AC,3422894,2982,5838704333,160,183672,-385,5444
294043,AC,3423363,2937,5735292373,160,183668,-387,5444
294065345, cp_H_L_D_F, 1221, 1210, 0, 0
294223,AC,3423713,2871,5569148242,160,183672,-390,5444
294403,AC,3424988,2850,5455402545,160,183668,-397,5444
294593,AC,3433715,2948,5665425628,159,182531,-396,5478
294773,AC,3423644,2954,5780708399,160,183668,-386,5444
294953,AC,3424076,2913,5565149785,160,183671,-398,5444
295065315, cp_H_L_D_F, 1221, 1210, 0, 0
295143,AC,3425018,2869,5484880286,160,183668,-397,5444
295323,AC,3433823,2914,5627322117,159,182530,-394,5478
295503,AC,3424010,2940,5743601303,160,183669,-387,5444
295693,AC,3424651,2940,5684879492,160,183670,-392,5444
295873,AC,3425289,2881,5459886529,160,183668,-402,5444
296053,AC,3433166,2930,5602920171,159,182527,-399,5478
296065315, cp_H_L_D_F, 1221, 1210, 0, 0
296243,AC,3423741,3016,5895117653,160,183672,-387,5444
296423,AC,3424512,2968,5781204120,160,183667,-388,5444
