CP 38925, 1275, 1267, 0, 0, 1, 0, 0
38944, 206787,45, 0, 4, 9, 0,166579, 42949678963, 6003
CP 39025, 1275, 1266, 0, 0, 1, 0, 0
39110, 206816,45, 0, 4, 9, 0,166569, 42949678963, 6003
CP 39125, 1275, 1265, 0, 0, 1, 0, 0
CP 39225, 1275, 1267, 0, 0, 1, 0, 0
39277, 206798,45, 0, 4, 9, 0,166569, 42949678963, 6003
CP 39325, 1276, 1266, 0, 0, 1, 0, 0
CP 39425, 1275, 1267, 0, 0, 1, 0, 0
39443, 206786,44, 0, 4, 9, 0,166570, 42949678963, 6003
CP 39525, 1275, 1266, 0, 0, 1, 0, 0
39610, 206788,43, 0, 4, 9, 0,166569, 42949678963, 6003
CP 39625, 1275, 1266, 0, 0, 1, 0, 0
CP 39725, 1275, 1267, 0, 0, 1, 0, 0
39776, 206747,44, 0, 4, 9, 0,166569, 42949678963, 6003
CP 39825, 1274, 1265, 0, 0, 1, 0, 0
CP 39925, 1275, 1267, 0, 0, 1, 0, 0
39943, 206699,44, 0, 4, 9, 0,166569, 42949678963, 6003
CP 40025, 1275, 1267, 0, 0, 1, 0, 0
40110, 206670,43, 0, 4, 9, 0,166570, 42949678963, 6003
CP 40125, 1275, 1267, 0, 0, 1, 0, 0
CP 40225, 1275, 1267, 0, 0, 1, 0, 0
40276, 206616,43, 0, 4, 8, 0,166569, 42949678963, 6003
CP 40325, 1275, 1267, 0, 0, 1, 0, 0
CP 40425, 1275, 1267, 0, 0, 1, 0, 0
40444, 206096,43, 0, 4, 8, 0,167710, 42949678922, 5962
CP 40525, 1275, 1267, 0, 0, 1, 0, 0
40610, 206819,43, 0, 4, 9, 0,166569, 42949678963, 6003
CP 40625, 1275, 1267, 0, 0, 1, 0, 0
CP 40725, 1275, 1266, 0, 0, 1, 0, 0
40777, 206852,42, 0, 4, 8, 0,166569, 42949678963, 6003
CP 40825, 1274, 1267, 0, 0, 1, 0, 0
CP 40925, 1275, 1267, 0, 0, 1, 0, 0
40944, 206812,43, 0, 4, 9, 0,166571, 42949678963, 6003
CP 41025, 1275, 1267, 0, 0, 1, 0, 0
41110, 206820,43, 0, 4, 9, 0,166569, 42949678963, 6003
CP 41125, 1275, 1267, 0, 0, 1, 0, 0
CP 41225, 1275, 1267, 0, 0, 1, 0, 0
41277, 206803,45, 0, 4, 9, 0,166569, 42949678963, 6003
CP 41325, 1274, 1266, 0, 0, 1, 0, 0
CP 41425, 1275, 1266, 0, 0, 1, 0, 0
41443, 206821,44, 0, 4, 9, 0,166569, 42949678963, 6003
CP 41525, 1274, 1267, 0, 0, 1, 0, 0
41610, 206815,43, 0, 4, 9, 0,166571, 42949678963, 6003
CP 41625, 1275, 1266, 0, 0, 1, 0, 0
CP 41725, 1275, 1265, 0, 0, 1, 0, 0
41776, 206795,44, 0, 4, 9, 0,166575, 42949678963, 6003
CP 41825, 1275, 1265, 0, 0, 1, 0, 0
CP 41925, 1274, 1265, 0, 0, 1, 0, 0
41943, 206753,44, 0, 4, 9, 0,166571, 42949678963, 6003
CP 42025, 1274, 1267, 0, 0, 1, 0, 0
42110, 206725,44, 0, 4, 9, 0,166570, 42949678963, 6003
CP 42125, 1275, 1266, 0, 0, 1, 0, 0
CP 42225, 1275, 1268, 0, 0, 1, 0, 0
42276, 206655,43, 0, 4, 9, 0,166571, 42949678963, 6003
CP 42325, 1275, 1266, 0, 0, 1, 0, 0
CP 42425, 1275, 1267, 0, 0, 1, 0, 0
42443, 206637,44, 0, 4, 9, 0,166569, 42949678963, 6003
CP 42525, 1275, 1268, 0, 0, 1, 0, 0
42610, 206177,45, 0, 4, 9, 0,167710, 42949678922, 5962
CP 42625, 1275, 1267, 0, 0, 1, 0, 0
CP 42725, 1275, 1267, 0, 0, 1, 0, 0
42777, 206892,45, 0, 4, 9, 0,166570, 42949678963, 6003
CP 42825, 1275, 1267, 0, 0, 1, 0, 0
CP 42925, 1275, 1267, 0, 0, 1, 0, 0
42944, 206879,46, 0, 4, 9, 0,166569, 42949678963, 6003
CP 43025, 1275, 1267, 0, 0, 1, 0, 0
43110, 206884,47, 0, 5, 9, 0,166569, 42949678963, 6003
CP 43125, 1275, 1267, 0, 0, 1, 0, 0
CP 43225, 1275, 1267, 0, 0, 1, 0, 0
43277, 206883,46, 0, 4, 9, 0,166570, 42949678963, 6003
CP 43325, 1275, 1267, 0, 0, 1, 0, 0
CP 43425, 1275, 1267, 0, 0, 1, 0, 0
43443, 206875,46, 0, 4, 9, 0,166570, 42949678963, 6003
CP 43525, 1275, 1267, 0, 0, 1, 0, 0
43610, 206828,45, 0, 4, 9, 0,166569, 42949678963, 6003
CP 43625, 1275, 1265, 0, 0, 1, 0, 0
CP 43725, 1275, 1267, 0, 0, 1, 0, 0
43776, 206780,44, 0, 4, 9, 0,166570, 42949678963, 6003
CP 43825, 1275, 1267, 0, 0, 1, 0, 0
CP 43925, 1275, 1267, 0, 0, 1, 0, 0
43943, 206726,44, 0, 4, 9, 0,166569, 42949678963, 6003
CP 44025, 1275, 1267, 0, 0, 1, 0, 0
44110, 206712,44, 0, 4, 9, 0,166569, 42949678963, 6003
CP 44125, 1275, 1267, 0, 0, 1, 0, 0
CP 44225, 1275, 1266, 0, 0, 1, 0, 0
44276, 206653,44, 0, 4, 9, 0,166570, 42949678963, 6003
CP 44325, 1275, 1267, 0, 0, 1, 0, 0
CP 44425, 1275, 1267, 0, 0, 1, 0, 0
44444, 206165,44, 0, 4, 9, 0,167710, 42949678922, 5962
CP 44525, 1275, 1267, 0, 0, 1, 0, 0
44610, 206896,44, 0, 4, 9, 0,166569, 42949678963, 6003
CP 44625, 1274, 1267, 0, 0, 1, 0, 0
CP 44725, 1275, 1267, 0, 0, 1, 0, 0
44777, 206876,44, 0, 4, 9, 0,166571, 42949678963, 6003
CP 44825, 1274, 1267, 0, 0, 1, 0, 0
CP 44925, 1275, 1266, 0, 0, 1, 0, 0
44944, 206867,44, 0, 4, 9, 0,166570, 42949678963, 6003
CP 45025, 1275, 1267, 0, 0, 1, 0, 0
45110, 206897,44, 0, 4, 9, 0,166569, 42949678963, 6003
CP 45125, 1274, 1267, 0, 0, 1, 0, 0
CP 45225, 1274, 1267, 0, 0, 1, 0, 0
45277, 206878,44, 0, 4, 9, 0,166569, 42949678963, 6003
CP 45325, 1274, 1267, 0, 0, 1, 0, 0
CP 45425, 1275, 1265, 0, 0, 1, 0, 0
45443, 206844,43, 0, 4, 9, 0,166570, 42949678963, 6003
CP 45525, 1275, 1267, 0, 0, 1, 0, 0
45610, 206796,44, 0, 4, 9, 0,166569, 42949678963, 6003
CP 45625, 1274, 1267, 0, 0, 1, 0, 0
CP 45725, 1274, 1266, 0, 0, 1, 0, 0
45776, 206719,42, 0, 4, 8, 0,166569, 42949678963, 6003
CP 45825, 1274, 1267, 0, 0, 1, 0, 0
CP 45925, 1275, 1267, 0, 0, 1, 0, 0
45943, 206671,42, 0, 4, 8, 0,166571, 42949678963, 6003
CP 46025, 1275, 1267, 0, 0, 1, 0, 0
46111, 206144,42, 0, 4, 8, 0,167710, 42949678922, 5962
CP 46125, 1274, 1267, 0, 0, 1, 0, 0
CP 46225, 1274, 1267, 0, 0, 1, 0, 0
46277, 206847,43, 0, 4, 8, 0,166569, 42949678963, 6003
CP 46325, 1274, 1265, 0, 0, 1, 0, 0
CP 46425, 1275, 1267, 0, 0, 1, 0, 0
46444, 206820,42, 0, 4, 8, 0,166569, 42949678963, 6003
CP 46525, 1274, 1266, 0, 0, 1, 0, 0
46610, 206834,43, 0, 4, 9, 0,166571, 42949678963, 6003
CP 46625, 1274, 1266, 0, 0, 1, 0, 0
CP 46725, 1274, 1267, 0, 0, 1, 0, 0
46777, 206822,44, 0, 4, 9, 0,166570, 42949678963, 6003
CP 46825, 1275, 1267, 0, 0, 1, 0, 0
CP 46925, 1274, 1267, 0, 0, 1, 0, 0
46944, 206819,44, 0, 4, 9, 0,166569, 42949678963, 6003
CP 47025, 1275, 1267, 0, 0, 1, 0, 0
47110, 206757,43, 0, 4, 9, 0,166573, 42949678963, 6003
CP 47125, 1274, 1267, 0, 0, 1, 0, 0
CP 47225, 1275, 1266, 0, 0, 1, 0, 0
47277, 206718,44, 0, 4, 9, 0,166568, 42949678963, 6003
CP 47325, 1275, 1267, 0, 0, 1, 0, 0
CP 47425, 1275, 1265, 0, 0, 1, 0, 0
47443, 206700,44, 0, 4, 9, 0,166569, 42949678963, 6003
CP 47525, 1275, 1267, 0, 0, 1, 0, 0
47610, 206669,44, 0, 4, 9, 0,166569, 42949678963, 6003
CP 47625, 1274, 1267, 0, 0, 1, 0, 0
CP 47725, 1274, 1267, 0, 0, 1, 0, 0
47778, 206188,44, 0, 4, 9, 0,167710, 42949678922, 5962
CP 47825, 1274, 1267, 0, 0, 1, 0, 0
CP 47925, 1275, 1267, 0, 0, 1, 0, 0
47944, 206889,45, 0, 4, 9, 0,166569, 42949678963, 6003
CP 48025, 1275, 1265, 0, 0, 1, 0, 0
48111, 206877,44, 0, 4, 9, 0,166569, 42949678963, 6003
CP 48125, 1275, 1267, 0, 0, 1, 0, 0
CP 48225, 1275, 1267, 0, 0, 1, 0, 0
48277, 206862,45, 0, 4, 9, 0,166571, 42949678963, 6003
CP 48325, 1275, 1266, 0, 0, 1, 0, 0
CP 48425, 1275, 1267, 0, 0, 1, 0, 0
48444, 206814,45, 0, 4, 9, 0,166569, 42949678963, 6003
CP 48525, 1275, 1267, 0, 0, 1, 0, 0
48610, 206800,45, 0, 4, 9, 0,166569, 42949678963, 6003
CP 48625, 1276, 1268, 0, 0, 1, 0, 0
CP 48725, 1275, 1267, 0, 0, 1, 0, 0
48777, 206760,44, 0, 4, 9, 0,166571, 42949678963, 6003
CP 48825, 1275, 1267, 0, 0, 1, 0, 0
CP 48925, 1280, 948, 0, 0, 1, 0, 0
48944, 206707,45, 0, 4, 9, 0,166569, 42949678963, 6003
CP 49025, 956, 944, 0, 0, 1, 0, 0
49110, 206633,45, 0, 4, 9, 0,166569, 42949678963, 6003
CP 49125, 962, 930, 0, 0, 2, 0, 0
CP 49225, 963, 945, 0, 0, 2, 0, 0
49277, 206606,45, 0, 4, 9, 0,166569, 42949678963, 6003
CP 49325, 957, 945, 0, 0, 2, 0, 0
CP 49425, 956, 947, 0, 0, 2, 0, 0
49444, 206152,45, 0, 4, 9, 0,167712, 42949678922, 5962
CP 49525, 960, 941, 0, 0, 2, 0, 0
49611, 206875,45, 0, 4, 9, 0,166569, 42949678963, 6003
CP 49625, 955, 944, 0, 0, 2, 0, 0
CP 49725, 956, 948, 0, 0, 2, 0, 0
49778, 206827,44, 0, 4, 9, 0,166569, 42949678963, 6003
CP 49825, 957, 935, 0, 0, 2, 0, 0
CP 49925, 956, 947, 0, 0, 2, 0, 0
49944, 206788,46, 0, 5, 9, 0,166569, 42949678963, 6003
CP 50025, 957, 948, 0, 0, 2, 0, 0
50111, 206774,46, 0, 4, 9, 0,166572, 42949678963, 6003
CP 50125, 957, 946, 0, 0, 2, 0, 0
CP 50225, 957, 949, 0, 0, 2, 0, 0
50277, 206719,54, 0, 6, 11, 0,166569, 42949678963, 6003
CP 50325, 957, 949, 0, 0, 2, 0, 0
CP 50425, 957, 948, 0, 0, 2, 0, 0
50444, 206706,54, 0, 6, 11, 0,166569, 42949678963, 6003
CP 50525, 957, 944, 0, 0, 2, 0, 0
50610, 206649,53, 0, 6, 11, 0,166569, 42949678963, 6003
CP 50625, 957, 948, 0, 0, 2, 0, 0
CP 50725, 957, 948, 0, 0, 2, 0, 0
50778, 206120,54, 0, 6, 11, 0,167710, 42949678922, 5962
CP 50825, 957, 948, 0, 0, 2, 0, 0
CP 50925, 957, 948, 0, 0, 2, 0, 0
50945, 206830,54, 0, 6, 11, 0,166570, 42949678963, 6003
CP 51025, 957, 948, 0, 0, 2, 0, 0
51111, 206809,54, 0, 6, 11, 0,166571, 42949678963, 6003
CP 51125, 957, 944, 0, 0, 2, 0, 0
CP 51225, 957, 948, 0, 0, 2, 0, 0
51278, 206798,56, 0, 6, 11, 0,166569, 42949678963, 6003
CP 51325, 958, 948, 0, 0, 2, 0, 0
CP 51425, 957, 948, 0, 0, 2, 0, 0
51444, 206808,56, 0, 6, 11, 0,166569, 42949678963, 6003
CP 51525, 957, 948, 0, 0, 2, 0, 0
51611, 206788,55, 0, 6, 11, 0,166570, 42949678963, 6003
CP 51625, 958, 948, 0, 0, 2, 0, 0
CP 51725, 957, 948, 0, 0, 2, 0, 0
51777, 206770,55, 0, 6, 11, 0,166569, 42949678963, 6003
CP 51825, 957, 948, 0, 0, 2, 0, 0
CP 51925, 957, 948, 0, 0, 2, 0, 0
51944, 206706,54, 0, 6, 11, 0,166571, 42949678963, 6003
CP 52025, 957, 948, 0, 0, 2, 0, 0
52111, 206681,55, 0, 6, 11, 0,166569, 42949678963, 6003
CP 52125, 957, 948, 0, 0, 2, 0, 0
CP 52225, 957, 948, 0, 0, 2, 0, 0
52278, 206157,54, 0, 6, 11, 0,167711, 42949678922, 5962
CP 52325, 957, 948, 0, 0, 2, 0, 0
CP 52425, 957, -1329, 9448, 9994, 2, 0, 0
52445, 206850,54, 0, 6, 11, 0,166575, 42949678963, 6003
CP 52525, 957, -1329, 8013, 9999, 3, 0, 0
52611, 206866,55, 0, 6, 11, 0,166569, 42949678963, 6003
CP 52625, 644, -1332, 8013, 10001, 3, 0, 0
CP 52725, 643, -1329, 8005, 10001, 4, 4803, 0
52778, 206845,56, 0, 6, 11, 0,166571, 42949678963, 6003
CP 52825, 644, -1329, 8013, 9999, 4, 4807, 0
CP 52925, 644, -1330, 8008, 10001, 4, 4804, 0
52945, 206846,55, 0, 6, 11, 0,166569, 42949678963, 6003
CP 53025, 644, -1330, 8008, 10001, 4, 4804, 0
53111, 206832,54, 0, 6, 11, 0,166569, 42949678963, 6003
CP 53125, 644, -1329, 8008, 10001, 4, 4804, 0
CP 53225, 644, -1329, 8008, 9999, 4, 4804, 0
53278, 206801,55, 0, 6, 11, 0,166571, 42949678963, 6003
CP 53325, 643, -1331, 8013, 10001, 4, 4807, 0
CP 53425, 645, -1330, 8005, 10001, 4, 4803, 0
53444, 206764,54, 0, 6, 11, 0,166569, 42949678963, 6003
CP 53525, 643, -1330, 8010, 9999, 4, 4806, 0
53611, 206488,7736, 0, 593, 1597, 0,166569, 42949678963, 6003
CP 53625, 854, -1339, 8008, 10001, 4, 4804, 0
CP 53725, 644, -1332, 8010, 10001, 4, 4806, 0
53779, 205977,5071, 0, 716, 1044, 0,167712, 42949678922, 5962
CP 53825, 644, -1333, 8008, 10001, 4, 4804, 0
CP 53925, 644, -1333, 8010, 9999, 4, 4806, 0
53945, 207000,2434, 0, 147, 503, 0,166569, 42949678963, 6003
CP 54025, 644, -1331, 8010, 10001, 4, 4806, 0
54112, 207032,1317, 0, 21, 272, 0,166570, 42949678963, 6003
CP 54125, 645, -1332, 8005, 10001, 4, 4803, 0
CP 54225, 645, -1332, 8010, 9999, 4, 4806, 0
54278, 207013,1312, 0, 17, 271, 0,166569, 42949678963, 6003
CP 54325, 644, -1332, 8008, 10001, 4, 4804, 0
CP 54425, 645, -1332, 8010, 10001, 4, 4806, 0
54445, 207008,1311, 0, 16, 271, 0,166570, 42949678963, 6003
CP 54525, 644, -1332, 8008, 10001, 4, 4804, 0
54611, 207003,1311, 0, 14, 271, 0,166570, 42949678963, 6003
CP 54625, 645, -1330, 8010, 9999, 4, 4806, 0
CP 54725, 644, -1331, 8008, 10001, 4, 4804, 0
54778, 206974,1310, 0, 14, 271, 0,166570, 42949678963, 6003
CP 54825, 645, -1331, 8008, 10001, 4, 4804, 0
CP 54925, 644, -1330, 8010, 10001, 4, 4806, 0
54945, 206953,1311, 0, 13, 271, 0,166569, 42949678963, 6003
CP 55025, 644, -1333, 8005, 10001, 4, 4803, 0
55111, 206901,1308, 0, 13, 270, 0,166570, 42949678963, 6003
CP 55125, 645, -1333, 8010, 10001, 4, 4806, 0
CP 55225, 645, -1332, 8008, 10001, 4, 4804, 0
55279, 206389,1312, 0, 13, 270, 0,167711, 42949678922, 5962
CP 55325, 645, -1332, 8008, 9999, 4, 4804, 0
CP 55424, 645, -1330, 8008, 10001, 4, 4804, 0
55445, 207120,1312, 0, 12, 271, 0,166569, 42949678963, 6003
CP 55525, 645, -1330, 8008, 10001, 4, 4804, 0
55612, 207132,1308, 0, 11, 271, 0,166570, 42949678963, 6003
CP 55625, 645, -1332, 8008, 10001, 4, 4804, 0
CP 55725, 644, -1332, 8005, 9999, 4, 4803, 0
55779, 207108,1308, 0, 11, 270, 0,166570, 42949678963, 6003
CP 55825, 645, -1333, 8013, 10001, 4, 4807, 0
CP 55925, 644, -1331, 8005, 10001, 4, 4803, 0
55945, 207079,1309, 0, 12, 271, 0,166570, 42949678963, 6003
CP 56025, 644, -1334, 8010, 9999, 4, 4806, 0
56112, 207045,1310, 0, 11, 271, 0,166570, 42949678963, 6003
CP 56125, 645, -1330, 8008, 10001, 4, 4804, 0
CP 56225, 645, -1331, 8008, 10001, 4, 4804, 0
56278, 207041,1309, 0, 12, 271, 0,166570, 42949678963, 6003
CP 56325, 645, -1333, 8008, 10001, 4, 4804, 0
CP 56424, 645, -1334, 8005, 9999, 4, 4803, 0
56445, 207014,1309, 0, 12, 271, 0,166573, 42949678963, 6003
CP 56524, 645, -1331, 8010, 10001, 4, 4806, 0
56611, 206995,1310, 0, 11, 271, 0,166570, 42949678963, 6003
CP 56624, 645, -1331, 8008, 10001, 4, 4804, 0
CP 56724, 644, -1330, 8010, 9999, 4, 4806, 0
56778, 206954,1305, 0, 11, 270, 0,166571, 42949678963, 6003
CP 56824, 645, -1331, 8005, 10001, 4, 4803, 0
CP 56924, 645, -1332, 8010, 10001, 4, 4806, 0
56946, 206445,1312, 0, 10, 271, 0,167711, 42949678922, 5962
CP 57024, 645, -1331, 8008, 10001, 4, 4804, 0
57112, 207175,1311, 0, 11, 271, 0,166571, 42949678963, 6003
CP 57124, 644, -1331, 8005, 9999, 4, 4803, 0
CP 57224, 645, -1332, 8010, 10001, 4, 4806, 0
57279, 207140,1308, 0, 11, 271, 0,166574, 42949678963, 6003
CP 57324, 645, -1332, 8008, 10001, 4, 4804, 0
CP 57424, 644, -1334, 8010, 10000, 4, 4806, 0
57445, 207147,1309, 0, 11, 271, 0,166570, 42949678963, 6003
CP 57524, 645, -1334, 8005, 10003, 4, 4803, 0
57612, 207169,1309, 0, 11, 271, 0,166571, 42949678963, 6003
CP 57624, 644, -1333, 8010, 10000, 4, 4806, 0
CP 57724, 645, -1335, 8008, 10001, 4, 4804, 0
57779, 207138,1309, 0, 10, 271, 0,166570, 42949678963, 6003
CP 57824, 645, -1332, 8008, 10001, 4, 4804, 0
CP 57924, 645, -1332, 8010, 10001, 4, 4806, 0
57945, 207103,1308, 0, 11, 271, 0,166575, 42949678963, 6003
CP 58024, 645, -1333, 8008, 9999, 4, 4804, 0
58112, 207072,1309, 0, 12, 271, 0,166570, 42949678963, 6003
CP 58124, 645, -1334, 8013, 10001, 4, 4807, 0
CP 58224, 645, -1331, 8005, 10001, 4, 4803, 0
58278, 207017,1310, 0, 11, 271, 0,166570, 42949678963, 6003
CP 58324, 645, -1331, 8010, 9999, 4, 4806, 0
CP 58424, 645, -1331, 8008, 10001, 4, 4804, 0
58445, 206974,1308, 0, 11, 270, 0,166570, 42949678963, 6003
CP 58524, 645, -1331, 8008, 10001, 4, 4804, 0
58613, 206442,1312, 0, 9, 270, 0,167711, 42949678922, 5962
CP 58624, 645, -1331, 8008, 10001, 4, 4804, 0
CP 58724, 645, -1333, 8008, 9999, 4, 4804, 0
58779, 207169,1311, 0, 10, 271, 0,166573, 42949678963, 6003
CP 58824, 645, -1331, 8010, 10001, 4, 4806, 0
CP 58924, 645, -1331, 8005, 10001, 4, 4803, 0
58946, 207158,1307, 0, 10, 270, 0,166571, 42949678963, 6003
CP 59024, 645, -1333, 8013, 9999, 4, 4807, 0
59112, 207149,1309, 0, 11, 271, 0,166570, 42949678963, 6003
CP 59124, 645, -1331, 8008, 10001, 4, 4804, 0
CP 59224, 645, -1334, 8008, 10001, 4, 4804, 0
59279, 207142,1311, 0, 11, 271, 0,166571, 42949678963, 6003
CP 59324, 645, -1332, 8008, 10001, 4, 4804, 0
CP 59424, 645, -1332, 8008, 9999, 4, 4804, 0
59445, 207112,1308, 0, 11, 271, 0,166570, 42949678963, 6003
CP 59524, 644, -1333, 8010, 10001, 4, 4806, 0
59612, 207053,1307, 0, 10, 270, 0,166570, 42949678963, 6003
CP 59624, 645, -1332, 8005, 10001, 4, 4803, 0
CP 59724, 645, -1330, 8010, 9999, 4, 4806, 0
59779, 207051,1309, 0, 11, 271, 0,166574, 42949678963, 6003
CP 59824, 645, -1330, 8008, 10001, 4, 4804, 0
CP 59924, 645, -1332, 8010, 10001, 4, 4806, 0
59945, 207028,1311, 0, 10, 271, 0,166571, 42949678963, 6003
CP 60024, 645, -1334, 8008, 10001, 4, 4804, 0
60112, 206989,1307, 0, 11, 270, 0,166570, 42949678963, 6003
CP 60124, 644, -1332, 8010, 9999, 4, 4806, 0
CP 60224, 644, -1332, 8010, 10001, 4, 4806, 0
60279, 206456,1312, 0, 10, 271, 0,167711, 42949678922, 5962
CP 60324, 646, -1330, 8005, 10001, 4, 4803, 0
CP 60424, 645, -1331, 8010, 9999, 4, 4806, 0
60446, 207174,1311, 0, 11, 271, 0,166570, 42949678963, 6003
CP 60524, 645, -1330, 8008, 10001, 4, 4804, 0
60613, 207191,1308, 0, 10, 271, 0,166572, 42949678963, 6003
CP 60624, 645, -1330, 8010, 10001, 4, 4806, 0
CP 60724, 644, -1331, 8005, 10001, 4, 4803, 0
60779, 207168,1309, 0, 10, 271, 0,166570, 42949678963, 6003
CP 60824, 644, -1334, 8013, 9999, 4, 4807, 0
CP 60924, 644, -1331, 8008, 10001, 4, 4804, 0
60946, 207142,1309, 0, 10, 271, 0,166569, 42949678963, 6003
CP 61024, 645, -1333, 8008, 10001, 4, 4804, 0
61112, 207170,1308, 0, 11, 271, 0,166571, 42949678963, 6003
CP 61124, 646, -1334, 8010, 10001, 4, 4806, 0
CP 61224, 645, -1332, 8008, 10001, 4, 4804, 0
61279, 207120,1309, 0, 11, 271, 0,166569, 42949678963, 6003
CP 61324, 645, -1331, 8010, 10001, 4, 4806, 0
CP 61424, 645, -1334, 8008, 10001, 4, 4804, 0
61445, 207084,1310, 0, 11, 271, 0,166570, 42949678963, 6003
CP 61524, 645, -1331, 8010, 9999, 4, 4806, 0
61612, 207083,1312, 0, 11, 271, 0,166569, 42949678963, 6003
CP 61624, 644, -1332, 8008, 10001, 4, 4804, 0
CP 61724, 645, -1333, 8008, 10001, 4, 4804, 0
61779, 207004,1306, 0, 10, 270, 0,166570, 42949678963, 6003
CP 61824, 644, -1333, 8008, 10001, 4, 4804, 0
CP 61924, 644, -1332, 8008, 9999, 4, 4804, 0
61946, 206484,1311, 0, 10, 270, 0,167710, 42949678922, 5962
CP 62024, 645, -1333, 8013, 10001, 4, 4807, 0
62113, 207184,1312, 0, 10, 271, 0,166570, 42949678963, 6003
CP 62124, 645, -1332, 8005, 10001, 4, 4803, 0
CP 62224, 645, -1330, 8013, 9999, 4, 4807, 0
62279, 207177,1310, 0, 10, 271, 0,166570, 42949678963, 6003
CP 62324, 645, -1331, 8008, 10001, 4, 4804, 0
CP 62424, 645, -1332, 8008, 10001, 4, 4804, 0
62446, 207179,1310, 0, 11, 271, 0,166570, 42949678963, 6003
CP 62524, 644, -1333, 8008, 10001, 4, 4804, 0
62613, 207169,1307, 0, 10, 270, 0,166570, 42949678963, 6003
CP 62624, 645, -1332, 8008, 9999, 4, 4804, 0
CP 62724, 645, -1332, 8010, 10001, 4, 4806, 0
62779, 207147,1310, 0, 10, 271, 0,166570, 42949678963, 6003
CP 62824, 644, -1331, 8008, 10001, 4, 4804, 0
CP 62924, 645, -1335, 8010, 9999, 4, 4806, 0
62946, 207141,1308, 0, 10, 270, 0,166569, 42949678963, 6003
CP 63024, 645, -1334, 8008, 10001, 4, 4804, 0
63112, 207113,1311, 0, 11, 271, 0,166570, 42949678963, 6003
CP 63124, 645, -1334, 8010, 10001, 4, 4806, 0
CP 63224, 644, -1334, 8008, 10001, 4, 4804, 0
63279, 207060,1310, 0, 11, 271, 0,166570, 42949678963, 6003
CP 63324, 644, -1330, 8008, 9999, 4, 4804, 0
CP 63424, 645, -1331, 8010, 10001, 4, 4806, 0
63445, 207024,1308, 0, 11, 270, 0,166570, 42949678963, 6003
CP 63524, 645, -1333, 8008, 10001, 4, 4804, 0
63612, 206981,1309, 0, 11, 271, 0,166569, 42949678963, 6003
CP 63624, 645, -1330, 8010, 9999, 4, 4806, 0
CP 63724, 644, -1332, 8008, 10001, 4, 4804, 0
63780, 206506,1313, 0, 10, 271, 0,167712, 42949678922, 5962
CP 63824, 644, -1332, 8010, 10001, 4, 4806, 0
CP 63924, 645, -1333, 8005, 10001, 4, 4803, 0
63946, 207201,1310, 0, 10, 271, 0,166569, 42949678963, 6003
CP 64024, 645, -1333, 8010, 9999, 4, 4806, 0
64113, 207157,1306, 0, 10, 270, 0,166575, 42949678963, 6003
CP 64124, 644, -1330, 8013, 10001, 4, 4807, 0
CP 64224, 645, -1330, 8008, 10001, 4, 4804, 0
64279, 207064,1310, 0, 11, 271, 0,166569, 42949678963, 6003
CP 64324, 645, -1330, 8010, 10001, 4, 4806, 0
CP 64424, 644, -1332, 8008, 10001, 4, 4804, 0
64446, 207045,1309, 0, 10, 271, 0,166570, 42949678963, 6003
CP 64524, 645, -1334, 8010, 10001, 4, 4806, 0
64613, 207055,1308, 0, 10, 270, 0,166570, 42949678963, 6003
CP 64624, 645, -1331, 8005, 10001, 4, 4803, 0
CP 64724, 645, -1332, 8010, 9999, 4, 4806, 0
64779, 207029,1307, 0, 10, 270, 0,166570, 42949678963, 6003
CP 64824, 645, -1336, 8010, 10001, 4, 4806, 0
CP 64924, 645, -1330, 8008, 10001, 4, 4804, 0
64946, 206872,3667, 0, 362, 758, 0,166570, 42949678963, 6003
CP 65024, 645, -1330, 8008, 10001, 4, 4804, 0
65112, 207022,1470, 0, 65, 304, 0,166570, 42949678963, 6003
CP 65124, 644, -1332, 8008, 9999, 4, 4804, 0
CP 65224, 645, -1330, 8013, 10001, 4, 4807, 0
65279, 206959,1427, 0, 58, 295, 0,166570, 42949678963, 6003
CP 65324, 645, -1330, 8005, 10001, 4, 4803, 0
CP 65424, 645, -1331, 8010, 9999, 4, 4806, 0
65447, 206482,1365, 0, 32, 282, 0,167710, 42949678922, 5962
CP 65524, 644, -1330, 8008, 10001, 4, 4804, 0
65613, 207209,1335, 0, 22, 276, 0,166570, 42949678963, 6003
CP 65624, 645, -1331, 8008, 10001, 4, 4804, 0
CP 65724, 645, -1330, 8008, 10001, 4, 4804, 0
65780, 207121,1628, 0, 135, 337, 0,166569, 42949678963, 6003
CP 65824, 645, -1334, 8008, 9999, 4, 4804, 0
CP 65924, 645, -1333, 8010, 10001, 4, 4806, 0
65946, 207109,1619, 0, 155, 335, 0,166570, 42949678963, 6003
CP 66024, 645, -1333, 8005, 10001, 4, 4803, 0
66113, 207107,1615, 0, 151, 334, 0,166574, 42949678963, 6003
CP 66124, 645, -1332, 8010, 9999, 4, 4806, 0
CP 66224, 645, -1333, 8008, 10001, 4, 4804, 0
66279, 207055,1690, 0, 180, 350, 0,166570, 42949678963, 6003
CP 66324, 644, -1332, 8010, 10001, 4, 4806, 0
CP 66424, 645, -1331, 8008, 10001, 4, 4804, 0
66446, 207013,1747, 0, 203, 361, 0,166570, 42949678963, 6003
CP 66524, 645, -1331, 8008, 9999, 4, 4804, 0
66613, 206983,1778, 0, 214, 368, 0,166569, 42949678963, 6003
CP 66624, 645, -1333, 8010, 10001, 4, 4806, 0
CP 66724, 645, -1332, 8005, 10001, 4, 4803, 0
66779, 206916,1967, 0, 274, 407, 0,166572, 42949678963, 6003
CP 66824, 645, -1334, 8010, 9999, 4, 4806, 0
CP 66924, 645, -1333, 8008, 10001, 4, 4804, 0
66946, 206887,1950, 0, 270, 403, 0,166569, 42949678963, 6003
CP 67024, 645, -1332, 8010, 10001, 4, 4806, 0
67112, 206823,2187, 0, 337, 452, 0,166569, 42949678963, 6003
CP 67124, 645, -1331, 8005, 10001, 4, 4803, 0
CP 67224, 645, -1332, 8010, 9999, 4, 4806, 0
67280, 206314,2214, 0, 343, 456, 0,167711, 42949678922, 5962
CP 67324, 645, -1332, 8010, 10001, 4, 4806, 0
CP 67424, 644, -1332, 8005, 10001, 4, 4803, 0
67446, 206995,2376, 0, 386, 492, 0,166570, 42949678963, 6003
CP 67524, 645, -1333, 8013, 9999, 4, 4807, 0
67613, 206998,2412, 0, 397, 499, 0,166569, 42949678963, 6003
CP 67624, 644, -1332, 8008, 10001, 4, 4804, 0
CP 67724, 645, -1331, 8010, 10001, 4, 4806, 0
67780, 206934,2752, 0, 482, 569, 0,166570, 42949678963, 6003
CP 67824, 645, -1333, 8005, 10001, 4, 4803, 0
CP 67924, 645, -1333, 8010, 9999, 4, 4806, 0
67946, 206898,2774, 0, 487, 573, 0,166570, 42949678963, 6003
CP 68024, 645, -1332, 8008, 10001, 4, 4804, 0
68113, 206902,3006, 0, 542, 621, 0,166569, 42949678963, 6003
CP 68124, 645, -1332, 8010, 10001, 4, 4806, 0
CP 68224, 645, -1333, 8008, 10001, 4, 4804, 0
68279, 206835,3065, 0, 556, 634, 0,166570, 42949678963, 6003
CP 68324, 645, -1332, 8008, 9999, 4, 4804, 0
CP 68424, 645, -1331, 8013, 10001, 4, 4807, 0
68446, 206808,3199, 0, 587, 661, 0,166569, 42949678963, 6003
CP 68524, 645, -1331, 8005, 10001, 4, 4803, 0
68612, 206770,3333, 0, 618, 689, 0,166569, 42949678963, 6003
CP 68624, 644, -1334, 8008, 9999, 4, 4804, 0
CP 68724, 645, -1332, 8010, 10001, 4, 4806, 0
68779, 206734,3372, 0, 626, 697, 0,166570, 42949678963, 6003
CP 68824, 645, -1333, 8008, 10001, 4, 4804, 0
CP 68924, 645, -1332, 8008, 10001, 4, 4804, 0
68946, 206636,3689, 0, 699, 762, 0,166569, 42949678963, 6003
CP 69024, 644, -1333, 8005, 9999, 4, 4803, 0
69112, 206590,3674, 0, 695, 759, 0,166570, 42949678963, 6003
CP 69124, 645, -1331, 8010, 10001, 4, 4806, 0
CP 69224, 644, -1330, 8005, 10001, 4, 4803, 0
69280, 206062,3857, 0, 733, 794, 0,167711, 42949678922, 5962
CP 69324, 645, -1331, 8010, 9999, 4, 4806, 0
CP 69424, 645, -1331, 8008, 10001, 4, 4804, 0
69446, 206763,3908, 0, 747, 808, 0,166569, 42949678963, 6003
CP 69524, 645, -1332, 8010, 10001, 4, 4806, 0
69613, 206755,4126, 0, 795, 853, 0,166570, 42949678963, 6003
CP 69624, 645, -1333, 8008, 10001, 4, 4804, 0
CP 69724, 644, -1334, 8005, 9999, 4, 4803, 0
69780, 206706,4268, 0, 827, 882, 0,166570, 42949678963, 6003
CP 69824, 645, -1333, 8010, 10001, 4, 4806, 0
CP 69924, 645, -1333, 8005, 10001, 4, 4803, 0
69946, 206694,4361, 0, 847, 901, 0,166569, 42949678963, 6003
CP 70024, 645, -1333, 8010, 9999, 4, 4806, 0
70113, 206655,4519, 0, 882, 934, 0,166570, 42949678963, 6003
CP 70124, 645, -1330, 8005, 10001, 4, 4803, 0
CP 70224, 645, -1330, 8010, 10001, 4, 4806, 0
70279, 206641,4524, 0, 883, 934, 0,166568, 42949678963, 6003
CP 70324, 644, -1333, 8005, 10001, 4, 4803, 0
CP 70424, 644, -1330, 8008, 9999, 4, 4804, 0
70446, 206560,4879, 0, 959, 1007, 0,166569, 42949678963, 6003
CP 70524, 645, -1331, 8010, 10001, 4, 4806, 0
70612, 206543,4875, 0, 958, 1006, 0,166569, 42949678963, 6003
CP 70624, 644, -1333, 8005, 10001, 4, 4803, 0
CP 70724, 645, -1331, 8013, 9999, 4, 4807, 0
70779, 206475,5022, 0, 990, 1036, 0,166569, 42949678963, 6003
CP 70824, 644, -1330, 8005, 10001, 4, 4803, 0
CP 70924, 644, -1333, 8010, 10001, 4, 4806, 0
70946, 206424,5035, 1, 992, 1039, 0,166569, 42949678963, 6003
CP 71024, 645, -1331, 8005, 10001, 4, 4803, 0
71113, 205906,5313, 1, 1049, 1094, 0,167710, 42949678922, 5962CP 71124, 645, -1333, 8008, 10000, 4, 4804, 0
CP 71224, 645, -1332, 8008, 10003, 4, 4804, 0
71280, 206614,5367, 1, 1064, 1109, 0,166569, 42949678963, 6003CP 71324, 645, -1331, 8010, 10000, 4, 4806, 0
CP 71424, 645, -1332, 8010, 10001, 4, 4806, 0
71446, 206608,5421, 1, 1076, 1120, 0,166572, 42949678963, 6003CP 71524, 645, -1331, 8005, 10001, 4, 4803, 0
71613, 206574,5793, 1, 1155, 1196, 0,166569, 42949678963, 6003CP 71624, 644, -1334, 8013, 9999, 4, 4807, 0
CP 71724, 644, -1332, 8008, 10001, 4, 4804, 0
71780, 206504,5793, 1, 1155, 1196, 0,166569, 42949678963, 6003CP 71824, 644, -1333, 8008, 10001, 4, 4804, 0
CP 71924, 645, -1333, 8010, 10001, 4, 4806, 0
71946, 206486,6056, 1, 1210, 1250, 0,166570, 42949678963, 6003CP 72024, 644, -1334, 8008, 9999, 4, 4804, 0
72113, 206468,6074, 1, 1214, 1254, 0,166569, 42949678963, 6003CP 72124, 644, -1332, 8010, 10001, 4, 4806, 0
CP 72224, 645, -1332, 8005, 10001, 4, 4803, 0
72279, 206417,6256, 1, 1252, 1291, 0,166570, 42949678963, 6003CP 72324, 645, -1330, 8010, 9999, 4, 4806, 0
CP 72424, 645, -1331, 8008, 10001, 4, 4804, 0
72446, 206356,6322, 1, 1266, 1304, 0,166569, 42949678963, 6003CP 72524, 645, -1331, 8013, 10001, 4, 4807, 0
72612, 206318,6437, 1, 1290, 1328, 0,166570, 42949678963, 6003CP 72624, 645, -1331, 8005, 10001, 4, 4803, 0
CP 72724, 645, -1332, 8010, 9999, 4, 4806, 0
72779, 206259,6710, 1, 1348, 1384, 0,166569, 42949678963, 6003CP 72824, 645, -1332, 8010, 10001, 4, 4806, 0
CP 72924, 645, -1333, 8005, 10001, 4, 4803, 0
72947, 205778,6706, 1, 1343, 1380, 0,167711, 42949678922, 5962CP 73024, 646, -1331, 8010, 9999, 4, 4806, 0
73113, 206455,6967, 1, 1403, 1438, 0,166570, 42949678963, 6003CP 73124, 644, -1331, 8008, 10001, 4, 4804, 0
CP 73224, 644, -1334, 8010, 10001, 4, 4806, 0
73280, 206452,6950, 1, 1399, 1434, 0,166569, 42949678963, 6003CP 73324, 645, -1333, 8005, 10001, 4, 4803, 0
CP 73424, 645, -1332, 8010, 9999, 4, 4806, 0
73446, 206433,7258, 1, 1464, 1498, 0,166570, 42949678963, 6003CP 73524, 645, -1331, 8008, 10001, 4, 4804, 0
73613, 206424,7325, 1, 1478, 1512, 0,166570, 42949678963, 6003CP 73624, 645, -1330, 8008, 10001, 4, 4804, 0
CP 73724, 645, -1330, 8010, 10001, 4, 4806, 0
73780, 206415,7455, 2, 1506, 1538, 0,166570, 42949678963, 6003CP 73824, 645, -1333, 8005, 9999, 4, 4803, 0
CP 73924, 644, -1330, 8013, 10001, 4, 4807, 0
73946, 206380,7538, 2, 1523, 1555, 0,166570, 42949678963, 6003CP 74024, 645, -1330, 8005, 10001, 4, 4803, 0
74113, 206354,7604, 2, 1537, 1569, 0,166569, 42949678963, 6003CP 74124, 645, -1331, 8010, 9999, 4, 4806, 0
CP 74224, 645, -1330, 8008, 10001, 4, 4804, 0
74279, 206259,7985, 2, 1616, 1647, 0,166576, 42949678963, 6003CP 74324, 645, -1330, 8008, 10001, 4, 4804, 0
CP 74424, 645, -1330, 8008, 10001, 4, 4804, 0
74446, 206230,7973, 2, 1613, 1644, 0,166570, 42949678963, 6003CP 74524, 645, -1331, 8008, 9999, 4, 4804, 0
74612, 206163,8254, 2, 1672, 1701, 0,166570, 42949678963, 6003CP 74624, 645, -1331, 8010, 10001, 4, 4806, 0
CP 74724, 644, -1331, 8005, 10001, 4, 4803, 0
74780, 205659,8241, 2, 1664, 1694, 0,167711, 42949678922, 5962CP 74824, 645, -1332, 8013, 9999, 4, 4807, 0
CP 74924, 645, -1334, 8008, 10001, 4, 4804, 0
74947, 206354,8459, 2, 1716, 1745, 0,166570, 42949678963, 6003CP 75024, 645, -1335, 8010, 10001, 4, 4806, 0
75113, 206388,8511, 2, 1727, 1756, 0,166570, 42949678963, 6003CP 75124, 645, -1332, 8008, 10001, 4, 4804, 0
CP 75224, 644, -1332, 8008, 9999, 4, 4804, 0
75280, 206322,8661, 2, 1758, 1787, 0,166569, 42949678963, 6003CP 75324, 645, -1333, 8010, 10001, 4, 4806, 0
CP 75424, 645, -1333, 8005, 10001, 4, 4803, 0
75446, 206292,8920, 2, 1812, 1840, 0,166570, 42949678963, 6003CP 75524, 645, -1334, 8010, 9999, 4, 4806, 0
75613, 206306,8918, 2, 1812, 1839, 0,166569, 42949678963, 6003CP 75624, 645, -1332, 8010, 10001, 4, 4806, 0
CP 75724, 644, -1333, 8010, 10001, 4, 4806, 0
75780, 206279,9084, 2, 1846, 1874, 0,166570, 42949678963, 6003CP 75824, 645, -1330, 8005, 10001, 4, 4803, 0
CP 75924, 645, -1331, 8010, 9999, 4, 4806, 0
75946, 206261,9067, 3, 1843, 1870, 0,166569, 42949678963, 6003CP 76024, 645, -1331, 8010, 10001, 4, 4806, 0
76113, 206202,9432, 3, 1918, 1944, 0,166569, 42949678963, 6003CP 76124, 645, -1332, 8005, 10001, 4, 4803, 0
CP 76224, 645, -1333, 8010, 9999, 4, 4806, 0
76279, 206166,9505, 3, 1933, 1959, 0,166569, 42949678963, 6003CP 76324, 645, -1332, 8010, 10001, 4, 4806, 0
CP 76424, 645, -1330, 8010, 10001, 4, 4806, 0
76446, 206106,9689, 3, 1971, 1996, 0,166570, 42949678963, 6003CP 76524, 645, -1332, 8005, 10001, 4, 4803, 0
76612, 206053,9805, 3, 1995, 2020, 0,166570, 42949678963, 6003CP 76624, 644, -1332, 8010, 9999, 4, 4806, 0
CP 76724, 645, -1333, 8008, 10001, 4, 4804, 0
76780, 205583,9854, 3, 2000, 2025, 0,167710, 42949678922, 5962CP 76824, 644, -1334, 8008, 10001, 4, 4804, 0
CP 76924, 644, -1335, 8010, 10001, 4, 4806, 0
76947, 206285,10171, 3, 2073, 2098, 0,166570, 42949678963, 6003CP 77024, 645, -1333, 8008, 10001, 4, 4804, 0
77113, 206285,10165, 3, 2072, 2097, 0,166571, 42949678963, 6003CP 77124, 645, -1334, 8013, 10001, 4, 4807, 0
CP 77224, 645, -1333, 8005, 10001, 4, 4803, 0
77280, 206229,10420, 3, 2125, 2148, 0,166570, 42949678963, 6003CP 77324, 645, -1334, 8010, 9999, 4, 4806, 0
CP 77424, 644, -1332, 8008, 10001, 4, 4804, 0
77446, 206220,10419, 3, 2124, 2148, 0,166570, 42949678963, 6003CP 77524, 645, -1332, 8008, 10001, 4, 4804, 0
77613, 206194,10674, 3, 2177, 2201, 0,166570, 42949678963, 6003CP 77624, 644, -1332, 8008, 10001, 4, 4804, 0
CP 77724, 645, -1332, 8008, 9999, 4, 4804, 0
77780, 206094,10759, 4, 2194, 2217, 0,166571, 42949678963, 6003CP 77824, 645, -1332, 8013, 10001, 4, 4807, 0
CP 77924, 645, -1331, 8005, 10001, 4, 4803, 0
77946, 206040,10914, 4, 2225, 2248, 0,166570, 42949678963, 6003CP 78024, 645, -1330, 8013, 9999, 4, 4807, 0
78113, 206029,11075, 4, 2259, 2281, 0,166570, 42949678963, 6003CP 78124, 645, -1330, 8008, 10001, 4, 4804, 0
CP 78224, 645, -1330, 8008, 10001, 4, 4804, 0
78279, 205963,11109, 4, 2265, 2288, 0,166569, 42949678963, 6003CP 78324, 645, -1333, 8008, 10001, 4, 4804, 0
CP 78424, 645, -1334, 8008, 9999, 4, 4804, 0
78446, 205875,11397, 4, 2324, 2346, 0,166571, 42949678963, 6003CP 78524, 645, -1333, 8010, 10001, 4, 4806, 0
78614, 205399,11342, 4, 2307, 2329, 0,167710, 42949678922, 5962CP 78624, 645, -1333, 8005, 10001, 4, 4803, 0
CP 78724, 645, -1332, 8010, 9999, 4, 4806, 0
78780, 206057,11731, 4, 2395, 2417, 0,166573, 42949678963, 6003CP 78824, 645, -1330, 8008, 10001, 4, 4804, 0
CP 78924, 644, -1331, 8010, 10001, 4, 4806, 0
78947, 206047,11778, 4, 2404, 2426, 0,166575, 42949678963, 6003CP 79024, 645, -1332, 8008, 10001, 4, 4804, 0
79113, 206043,11775, 4, 2404, 2426, 0,166570, 42949678963, 6003CP 79124, 644, -1331, 8008, 9999, 4, 4804, 0
CP 79224, 644, -1332, 8010, 10001, 4, 4806, 0
79280, 206035,11951, 5, 2440, 2462, 0,166570, 42949678963, 6003CP 79324, 645, -1332, 8005, 10001, 4, 4803, 0
CP 79424, 645, -1331, 8010, 9999, 4, 4806, 0
79446, 205996,12239, 5, 2499, 2521, 0,166575, 42949678963, 6003CP 79524, 645, -1332, 8010, 10001, 4, 4806, 0
79613, 205990,12238, 5, 2499, 2520, 0,166570, 42949678963, 6003CP 79624, 644, -1331, 8010, 10001, 4, 4806, 0
CP 79724, 645, -1330, 8005, 10001, 4, 4803, 0
79780, 205949,12402, 5, 2532, 2554, 0,166571, 42949678963, 6003CP 79824, 644, -1332, 8010, 9999, 4, 4806, 0
CP 79924, 645, -1332, 8010, 10001, 4, 4806, 0
79946, 205905,12398, 5, 2531, 2552, 0,166570, 42949678963, 6003CP 80024, 645, -1332, 8005, 10001, 4, 4803, 0
80113, 205839,13415, 5, 2651, 2761, 0,166574, 42949678963, 6003CP 80124, 645, -1332, 8010, 9999, 4, 4806, 0
CP 80224, 645, -1334, 8010, 10001, 4, 4806, 0
80279, 205837,12857, 5, 2587, 2646, 0,166570, 42949678963, 6003CP 80324, 644, -1331, 8010, 10001, 4, 4806, 0
CP 80424, 645, -1333, 8005, 10001, 4, 4803, 0
80446, 205689,13452, 5, 2739, 2766, 0,166572, 42949678963, 6003CP 80524, 644, -1333, 8010, 9999, 4, 4806, 0
80614, 205199,13790, 6, 2805, 2829, 0,167712, 42949678922, 5962CP 80624, 644, -1334, 8008, 10001, 4, 4804, 0
CP 80724, 645, -1334, 8008, 10001, 4, 4804, 0
80780, 205899,13823, 6, 2821, 2846, 0,166570, 42949678963, 6003CP 80824, 645, -1332, 8010, 10001, 4, 4806, 0
CP 80924, 645, -1332, 8008, 10001, 4, 4804, 0
80947, 205875,14045, 6, 2867, 2891, 0,166570, 42949678963, 6003CP 81024, 645, -1333, 8016, 10001, 4, 4809, 0
81113, 205862,14225, 6, 2904, 2928, 0,166571, 42949678963, 6003CP 81124, 645, -1335, 8005, 10001, 4, 4803, 0
CP 81223, 645, -1334, 8010, 9999, 4, 4806, 0
81280, 205825,14230, 6, 2905, 2928, 0,166570, 42949678963, 6003CP 81324, 645, -1333, 8008, 10001, 4, 4804, 0
CP 81423, 644, -1334, 8008, 10001, 4, 4804, 0
81446, 205793,14333, 6, 2926, 2949, 0,166569, 42949678963, 6003CP 81523, 644, -1332, 8008, 10001, 4, 4804, 0
81613, 205741,14885, 6, 3039, 3062, 0,166570, 42949678963, 6003CP 81623, 644, -1332, 8008, 9999, 4, 4804, 0
CP 81723, 645, -1331, 8013, 10001, 4, 4807, 0
81780, 205700,14874, 6, 3037, 3059, 0,166570, 42949678963, 6003CP 81823, 644, -1330, 8005, 10001, 4, 4803, 0
CP 81923, 644, -1336, 8013, 9999, 4, 4807, 0
81946, 205683,14864, 7, 3034, 3057, 0,166569, 42949678963, 6003CP 82023, 644, -1334, 8008, 10001, 4, 4804, 0
82113, 205659,14860, 7, 3033, 3056, 0,166570, 42949678963, 6003CP 82123, 645, -1332, 8008, 10001, 4, 4804, 0
CP 82223, 645, -1331, 8008, 10001, 4, 4804, 0
82279, 205553,15162, 7, 3093, 3116, 0,166570, 42949678963, 6003CP 82323, 645, -1331, 8005, 9999, 4, 4803, 0
CP 82423, 645, -1330, 8010, 10001, 4, 4806, 0
82447, 205069,15486, 7, 3153, 3175, 0,167714, 42949678922, 5962CP 82523, 645, -1331, 8005, 10001, 4, 4803, 0
82613, 205746,15520, 7, 3171, 3193, 0,166570, 42949678963, 6003CP 82623, 645, -1331, 8010, 9999, 4, 4806, 0
CP 82723, 645, -1331, 8005, 10001, 4, 4803, 0
82780, 205743,15514, 7, 3170, 3192, 0,166570, 42949678963, 6003CP 82823, 644, -1330, 8010, 10001, 4, 4806, 0
CP 82923, 644, -1330, 8008, 10001, 4, 4804, 0
82947, 205730,15522, 7, 3171, 3193, 0,166571, 42949678963, 6003CP 83023, 645, -1333, 8005, 9999, 4, 4803, 0
83113, 205672,16118, 8, 3293, 3315, 0,166570, 42949678963, 6003CP 83123, 644, -1333, 8010, 10001, 4, 4806, 0
CP 83223, 645, -1331, 8005, 10001, 4, 4803, 0
83280, 205652,16176, 8, 3305, 3326, 0,166569, 42949678963, 6003CP 83323, 644, -1332, 8013, 9999, 4, 4807, 0
CP 83423, 645, -1332, 8005, 10001, 4, 4803, 0
83446, 205632,16169, 8, 3304, 3325, 0,166570, 42949678963, 6003CP 83523, 645, -1332, 8010, 10001, 4, 4806, 0
83613, 205603,16167, 8, 3303, 3324, 0,166570, 42949678963, 6003CP 83623, 645, -1333, 8005, 10001, 4, 4803, 0
CP 83723, 645, -1333, 8008, 9999, 4, 4804, 0
83779, 205553,16358, 8, 3341, 3362, 0,166570, 42949678963, 6003CP 83823, 645, -1332, 8010, 10001, 4, 4806, 0
CP 83923, 645, -1333, 8005, 10001, 4, 4803, 0
83946, 205466,16764, 8, 3424, 3444, 0,166569, 42949678963, 6003CP 84023, 645, -1331, 8013, 9999, 4, 4807, 0
84113, 205454,16734, 9, 3418, 3438, 0,166570, 42949678963, 6003CP 84123, 645, -1334, 8005, 10001, 4, 4803, 0
CP 84223, 645, -1332, 8010, 10001, 4, 4806, 0
84279, 205426,16726, 9, 3415, 3435, 0,166570, 42949678963, 6003CP 84323, 645, -1332, 8005, 10001, 4, 4803, 0
CP 84423, 644, -1332, 8008, 9999, 4, 4804, 0
84447, 204947,16681, 9, 3398, 3418, 0,167711, 42949678922, 5962CP 84523, 645, -1330, 8008, 10001, 4, 4804, 0
84613, 205611,17316, 9, 3539, 3560, 0,166573, 42949678963, 6003CP 84623, 645, -1332, 8008, 10001, 4, 4804, 0
CP 84723, 645, -1331, 8010, 10001, 4, 4806, 0
84780, 205583,17476, 9, 3573, 3592, 0,166570, 42949678963, 6003CP 84823, 645, -1332, 8005, 10000, 4, 4803, 0
CP 84923, 645, -1334, 8013, 10000, 4, 4807, 0
84947, 205536,17480, 9, 3573, 3592, 0,166570, 42949678963, 6003CP 85023, 645, -1333, 8008, 10001, 4, 4804, 0
85113, 205563,17476, 10, 3573, 3592, 0,166571, 42949678963, 600CP 85123, 645, -1332, 8008, 10001, 4, 4804, 0
CP 85223, 645, -1330, 8008, 10001, 4, 4804, 0
85280, 205507,17517, 10, 3580, 3599, 0,166570, 42949678963, 600CP 85323, 645, -1332, 8008, 9999, 4, 4804, 0
CP 85423, 645, -1331, 8010, 10001, 4, 4806, 0
85446, 205481,17710, 10, 3619, 3639, 0,166574, 42949678963, 600CP 85523, 645, -1332, 8010, 10001, 4, 4806, 0
85613, 205454,17704, 10, 3618, 3637, 0,166571, 42949678963, 600CP 85623, 645, -1334, 8010, 9999, 4, 4806, 0
CP 85723, 645, -1332, 8008, 10001, 4, 4804, 0
85779, 205345,18328, 10, 3744, 3763, 0,166570, 42949678963, 600CP 85823, 645, -1332, 8010, 10001, 4, 4806, 0
CP 85923, 645, -1331, 8008, 10001, 4, 4804, 0
85946, 205334,18349, 10, 3749, 3767, 0,166570, 42949678963, 600CP 86023, 644, -1332, 8008, 9999, 4, 4804, 0
86113, 205262,18349, 11, 3747, 3766, 0,166570, 42949678963, 600CP 86123, 645, -1333, 8010, 10001, 4, 4806, 0
CP 86223, 645, -1332, 8010, 10001, 4, 4806, 0
86280, 204731,18300, 11, 3727, 3746, 0,167711, 42949678922, 596CP 86323, 644, -1332, 8010, 9999, 4, 4806, 0
CP 86423, 645, -1333, 8008, 10001, 4, 4804, 0
86447, 205403,18592, 11, 3799, 3818, 0,166574, 42949678963, 600CP 86523, 645, -1334, 8010, 10001, 4, 4806, 0
86613, 205373,18958, 11, 3875, 3893, 0,166570, 42949678963, 600CP 86623, 645, -1332, 8005, 10001, 4, 4803, 0
CP 86723, 645, -1330, 8010, 9999, 4, 4806, 0
86780, 205386,18932, 11, 3870, 3888, 0,166569, 42949678963, 600CP 86823, 645, -1330, 8010, 10001, 4, 4806, 0
CP 86923, 645, -1330, 8005, 10001, 4, 4803, 0
86947, 205376,18931, 11, 3869, 3887, 0,166570, 42949678963, 600CP 87023, 644, -1333, 8013, 9999, 4, 4807, 0
87113, 205347,18992, 12, 3881, 3899, 0,166569, 42949678963, 600CP 87123, 645, -1333, 8008, 10001, 4, 4804, 0
CP 87223, 645, -1331, 8010, 10001, 4, 4806, 0
87280, 205304,19431, 12, 3971, 3989, 0,166570, 42949678963, 600CP 87323, 645, -1332, 8005, 10001, 4, 4803, 0
CP 87423, 644, -1331, 8010, 9999, 4, 4806, 0
87446, 205257,19506, 12, 3986, 4003, 0,166569, 42949678963, 600CP 87523, 645, -1333, 8008, 10001, 4, 4804, 0
87613, 205213,19506, 12, 3985, 4002, 0,166570, 42949678963, 600CP 87623, 645, -1333, 8008, 10001, 4, 4804, 0
CP 87723, 645, -1332, 8010, 10001, 4, 4806, 0
87779, 205112,20224, 12, 4098, 4148, 0,166569, 42949678963, 600CP 87823, 645, -1332, 8008, 9999, 4, 4804, 0
CP 87923, 645, -1332, 8013, 10001, 4, 4807, 0
87946, 205162,20033, 13, 4038, 4110, 0,166569, 42949678963, 600CP 88023, 644, -1332, 8005, 10001, 4, 4803, 0
88113, 205078,19942, 13, 4067, 4089, 0,166569, 42949678963, 600CP 88123, 644, -1331, 8010, 9999, 4, 4806, 0
CP 88223, 645, -1330, 8008, 10001, 4, 4804, 0
88280, 204482,20884, 13, 4248, 4270, 0,167710, 42949678922, 596CP 88323, 645, -1333, 8008, 10001, 4, 4804, 0
CP 88423, 645, -1333, 8010, 10001, 4, 4806, 0
88447, 205223,20975, 13, 4282, 4304, 0,166570, 42949678963, 600CP 88523, 645, -1333, 8008, 9999, 4, 4804, 0
88613, 205246,20959, 13, 4279, 4301, 0,166569, 42949678963, 600CP 88623, 645, -1333, 8010, 10001, 4, 4806, 0
CP 88723, 644, -1332, 8005, 10001, 4, 4803, 0
88780, 205198,20959, 14, 4278, 4300, 0,166571, 42949678963, 600CP 88823, 645, -1330, 8013, 9999, 4, 4807, 0
CP 88923, 645, -1334, 8008, 10001, 4, 4804, 0
88947, 205184,20960, 14, 4278, 4300, 0,166569, 42949678963, 600CP 89023, 645, -1332, 8008, 10001, 4, 4804, 0
89113, 205172,20955, 14, 4277, 4299, 0,166569, 42949678963, 600CP 89123, 645, -1332, 8010, 10001, 4, 4806, 0
CP 89223, 645, -1334, 8008, 9999, 4, 4804, 0
89280, 205153,20957, 14, 4277, 4299, 0,166569, 42949678963, 600CP 89323, 645, -1334, 8010, 10001, 4, 4806, 0
CP 89423, 645, -1334, 8005, 10001, 4, 4803, 0
89446, 205121,21050, 14, 4295, 4317, 0,166569, 42949678963, 600CP 89523, 645, -1333, 8010, 9999, 4, 4806, 0
89613, 204983,22003, 15, 4489, 4510, 0,166570, 42949678963, 600CP 89623, 645, -1330, 8008, 10001, 4, 4804, 0
CP 89723, 646, -1331, 8010, 10001, 4, 4806, 0
89779, 204943,21946, 15, 4476, 4497, 0,166571, 42949678963, 600CP 89823, 645, -1334, 8005, 10001, 4, 4803, 0
CP 89923, 645, -1332, 8010, 9999, 4, 4806, 0
89946, 204875,21941, 15, 4474, 4495, 0,166569, 42949678963, 600CP 90023, 645, -1333, 8010, 10001, 4, 4806, 0
90114, 204369,21875, 15, 4449, 4470, 0,167710, 42949678922, 596CP 90123, 645, -1332, 8005, 10001, 4, 4803, 0
CP 90223, 645, -1332, 8010, 9999, 4, 4806, 0
90280, 205087,21947, 15, 4480, 4501, 0,166569, 42949678963, 600CP 90323, 645, -1332, 8008, 10001, 4, 4804, 0
CP 90423, 646, -1331, 8010, 10001, 4, 4806, 0
90447, 205094,21946, 16, 4479, 4501, 0,166570, 42949678963, 600CP 90523, 645, -1330, 8008, 10001, 4, 4804, 0
90613, 205073,22194, 16, 4530, 4551, 0,166569, 42949678963, 600CP 90623, 645, -1330, 8010, 9999, 4, 4806, 0
CP 90723, 645, -1334, 8008, 10001, 4, 4804, 0
90780, 204999,23225, 16, 4730, 4761, 0,166570, 42949678963, 600CP 90823, 645, -1332, 8008, 10001, 4, 4804, 0
CP 90923, 645, -1330, 8010, 10001, 4, 4806, 0
90947, 204956,22855, 16, 4664, 4684, 0,166569, 42949678963, 600CP 91023, 644, -1331, 8008, 10001, 4, 4804, 0
91113, 204947,22902, 16, 4673, 4693, 0,166569, 42949678963, 600CP 91123, 645, -1331, 8010, 10001, 4, 4806, 0
CP 91223, 645, -1333, 8005, 10001, 4, 4803, 0
91280, 204917,22922, 17, 4677, 4697, 0,166572, 42949678963, 600CP 91323, 645, -1332, 8010, 9999, 4, 4806, 0
CP 91423, 645, -1330, 8008, 10001, 4, 4804, 0
91446, 204926,22923, 17, 4677, 4697, 0,166570, 42949678963, 600CP 91523, 645, -1330, 8008, 10001, 4, 4804, 0
91613, 204892,22913, 17, 4674, 4694, 0,166570, 42949678963, 600CP 91623, 645, -1330, 8008, 10001, 4, 4804, 0
CP 91723, 645, -1332, 8008, 9999, 4, 4804, 0
91779, 204793,23351, 17, 4761, 4782, 0,166569, 42949678963, 600CP 91823, 645, -1331, 8013, 10001, 4, 4807, 0
CP 91923, 644, -1332, 8003, 10001, 4, 4801, 0
91947, 204253,23732, 18, 4827, 4847, 0,167711, 42949678922, 596CP 92023, 645, -1332, 8013, 9999, 4, 4807, 0
92114, 204981,23794, 18, 4857, 4877, 0,166570, 42949678963, 600CP 92123, 644, -1333, 8008, 10001, 4, 4804, 0
CP 92223, 645, -1331, 8008, 10001, 4, 4804, 0
92280, 204957,23787, 18, 4855, 4875, 0,166569, 42949678963, 600CP 92323, 645, -1331, 8008, 10001, 4, 4804, 0
CP 92423, 645, -1332, 8008, 9999, 4, 4804, 0
92447, 204938,23787, 18, 4855, 4875, 0,166570, 42949678963, 600CP 92523, 645, -1334, 8010, 10001, 4, 4806, 0
92613, 204932,23792, 18, 4856, 4875, 0,166570, 42949678963, 600CP 92623, 645, -1332, 8008, 10001, 4, 4804, 0
CP 92723, 644, -1333, 8010, 9999, 4, 4806, 0
92780, 204918,23846, 19, 4867, 4886, 0,166570, 42949678963, 600CP 92823, 644, -1333, 8008, 10001, 4, 4804, 0
CP 92923, 645, -1333, 8010, 10001, 4, 4806, 0
92947, 204878,24018, 19, 4901, 4920, 0,166569, 42949678963, 600CP 93023, 645, -1333, 8008, 10001, 4, 4804, 0
93113, 204741,24354, 19, 4967, 4986, 0,166570, 42949678963, 600CP 93123, 645, -1333, 8008, 9999, 4, 4804, 0
CP 93223, 645, -1330, 8010, 10001, 4, 4806, 0
93280, 204728,24335, 19, 4963, 4982, 0,166570, 42949678963, 600CP 93323, 645, -1330, 8008, 10001, 4, 4804, 0
CP 93423, 644, -1331, 8010, 9999, 4, 4806, 0
93446, 204678,24473, 20, 4990, 5009, 0,166570, 42949678963, 600CP 93523, 645, -1333, 8008, 10001, 4, 4804, 0
93613, 204532,25254, 20, 5147, 5165, 0,166569, 42949678963, 600CP 93623, 645, -1335, 8010, 10001, 4, 4806, 0
CP 93723, 645, -1332, 8005, 10001, 4, 4803, 0
93779, 204474,25199, 20, 5134, 5152, 0,166569, 42949678963, 600CP 93823, 644, -1333, 8010, 9999, 4, 4806, 0
CP 93923, 645, -1333, 8010, 10001, 4, 4806, 0
93947, 204045,25109, 20, 5104, 5123, 0,167711, 42949678922, 596CP 94023, 644, -1333, 8008, 10001, 4, 4804, 0
94114, 204737,25187, 21, 5138, 5156, 0,166574, 42949678963, 600CP 94123, 645, -1332, 8010, 10001, 4, 4806, 0
CP 94223, 645, -1331, 8008, 10001, 4, 4804, 0
94280, 204695,25199, 21, 5139, 5158, 0,166570, 42949678963, 600CP 94323, 644, -1335, 8010, 10001, 4, 4806, 0
CP 94423, 645, -1332, 8005, 10001, 4, 4803, 0
94447, 204678,25290, 21, 5157, 5176, 0,166570, 42949678963, 600CP 94523, 644, -1333, 8010, 9999, 4, 4806, 0
94613, 204659,25422, 21, 5184, 5202, 0,166569, 42949678963, 600CP 94623, 644, -1330, 8010, 10001, 4, 4806, 0
CP 94723, 645, -1332, 8008, 10001, 4, 4804, 0
94780, 204615,25536, 21, 5207, 5225, 0,166570, 42949678963, 600CP 94823, 644, -1331, 8008, 10001, 4, 4804, 0
CP 94923, 644, -1331, 8008, 9999, 4, 4804, 0
94947, 204590,25589, 22, 5217, 5235, 0,166570, 42949678963, 600CP 95023, 643, -1331, 8013, 10001, 4, 4807, 0
95113, 204466,26676, 22, 5436, 5454, 0,166570, 42949678963, 600CP 95123, 645, -1332, 8005, 10001, 4, 4803, 0
CP 95223, 645, -1333, 8010, 9999, 4, 4806, 0
95280, 204442,26672, 22, 5435, 5453, 0,166569, 42949678963, 600CP 95323, 645, -1330, 8010, 10001, 4, 4806, 0
CP 95423, 644, -1331, 8008, 10001, 4, 4804, 0
95446, 204393,26659, 22, 5431, 5448, 0,166569, 42949678963, 600CP 95523, 645, -1333, 8008, 10001, 4, 4804, 0
95613, 204373,26646, 23, 5428, 5445, 0,166569, 42949678963, 600CP 95623, 645, -1331, 8008, 9999, 4, 4804, 0
CP 95723, 645, -1331, 8010, 10001, 4, 4806, 0
95781, 203883,26569, 23, 5399, 5417, 0,167710, 42949678922, 596CP 95823, 646, -1331, 8005, 10001, 4, 4803, 0
CP 95923, 645, -1333, 8010, 9999, 4, 4806, 0
95947, 204551,26663, 23, 5436, 5454, 0,166572, 42949678963, 600CP 96023, 645, -1332, 8005, 10001, 4, 4803, 0
96114, 204536,26664, 23, 5436, 5453, 0,166569, 42949678963, 600CP 96123, 644, -1335, 8010, 10001, 4, 4806, 0
CP 96223, 644, -1334, 8008, 10001, 4, 4804, 0
96280, 204488,26743, 24, 5451, 5468, 0,166573, 42949678963, 600CP 96323, 645, -1332, 8005, 9999, 4, 4803, 0
CP 96423, 645, -1332, 8010, 10001, 4, 4806, 0
96447, 204395,27597, 24, 5623, 5640, 0,166570, 42949678963, 600CP 96523, 645, -1331, 8005, 10001, 4, 4803, 0
96613, 204403,27549, 24, 5614, 5631, 0,166570, 42949678963, 600CP 96623, 645, -1331, 8013, 9999, 4, 4807, 0
CP 96723, 645, -1332, 8005, 10001, 4, 4803, 0
96780, 204359,27538, 25, 5610, 5627, 0,166570, 42949678963, 600CP 96823, 645, -1332, 8010, 10001, 4, 4806, 0
CP 96923, 645, -1330, 8005, 10001, 4, 4803, 0
96947, 204327,27537, 25, 5609, 5626, 0,166570, 42949678963, 600CP 97023, 645, -1330, 8008, 9999, 4, 4804, 0
97113, 204282,27531, 25, 5607, 5624, 0,166569, 42949678963, 600CP 97123, 644, -1334, 8010, 10001, 4, 4806, 0
CP 97223, 645, -1333, 8005, 10001, 4, 4803, 0
97280, 204239,27658, 25, 5632, 5648, 0,166570, 42949678963, 600CP 97323, 645, -1332, 8013, 9999, 4, 4807, 0
CP 97423, 645, -1330, 8005, 10001, 4, 4803, 0
97446, 204174,27878, 26, 5675, 5692, 0,166575, 42949678963, 600CP 97523, 644, -1331, 8010, 10001, 4, 4806, 0
97614, 203739,27818, 26, 5650, 5667, 0,167719, 42949678922, 596CP 97623, 645, -1334, 8005, 10001, 4, 4803, 0
